name,T1,Period,Perioderror,incl,inclerror,q,qerror,f,ferror,t2t1,t2t1error,relteff,reltefferror,colat,colaterror,long,longerror,radius,radiuserror,l2/l1,r1,r2,R2,sma,smaerror,M1,M1error,M2,M2error,R1,R1error,R2,R2error, L1,L1error,L2,L2error
TIC 103656297,5886,0.28778,0.00011,75.09613,0.23602,0.06983,0.00197,0.17836,0.04131,1.04108,0.00984,0.65893,0.06937,77.63941,10.37733,-326.18353,4.63696,11.81571,1.69432,0.10953,0.6113,0.18984,0.9919,2.11288,0.06285,1.61,0.57614,0.11243,0.04023,1.32378,0.11078,0.4111,0.0344,3.57044,0.86124,0.39107,0.09433
TIC 10393493,6150,0.36034,0.00011,81.43011,0.55819,0.26643,0.00344,0.30824,0.02676,1.03059,0.00412,0.86218,0.12323,138.27896,40.55299,-273.69314,134.34433,10.13563,8.58542,0.34517,0.51431,0.28939,0.9323,2.52499,0.06792,1.70051,0.25159,0.45307,0.06703,1.29278,0.0928,0.72742,0.05222,1.58955,0.74928,0.54867,0.25863
TIC 114500611,7168,0.48883,0.00013,84.80563,0.42848,0.15219,0.00118,0.27905,0.01599,0.89846,0.00213,0.62222,0.02597,120.13808,16.94126,-39.53954,5.04879,8.29003,2.10797,0.13747,0.55673,0.24432,0.9973,3.2563,0.07865,1.04936,0.19932,0.1597,0.03034,1.73396,0.3139,0.76095,0.13775,6.59278,4.25753,0.90631,0.58528
TIC 11480757,7002,0.40438,9e-05,75.10164,0.12312,0.10424,0.0019,0.32936,0.03405,1.00693,0.00833,0.71067,0.11681,149.87597,32.39859,-202.92293,44.93116,6.67258,5.93785,0.14134,0.58661,0.21985,0.9921,2.77494,0.07069,1.63949,0.30391,0.1709,0.03168,1.44455,0.14339,0.54139,0.05374,6.05097,2.15735,0.85524,0.30492
TIC 115105140,6168,0.41065,8e-05,76.75739,0.73811,0.16396,0.0075,0.2553,0.06139,1.00871,0.00331,0.85629,0.0441,87.30704,54.77716,-62.48232,125.40835,10.44079,6.81506,0.20854,0.55006,0.24868,0.9978,2.81163,0.0719,0.98871,0.20833,0.16211,0.03416,1.88664,0.16799,0.85294,0.07595,5.1741,1.99417,1.07901,0.41586
TIC 115906237,5812,0.34453,0.00018,80.06349,0.48186,0.12939,0.00177,0.36811,0.03001,1.02317,0.00293,0.79176,0.11798,148.48858,17.68581,-64.98851,9.85236,15.69069,5.65947,0.18255,0.57211,0.23641,0.9812,2.43558,0.06647,1.7443,0.38044,0.2257,0.04923,1.39097,0.12174,0.57478,0.0503,3.19665,1.64675,0.58355,0.30061
TIC 116163356,6459,1.18189,0.00016,86.55794,1.38547,0.15121,0.00663,0.21889,0.06685,0.94294,0.01584,0.80797,0.06301,132.96613,7.54477,-359.20376,7.68809,27.02899,3.53115,0.1554,0.55498,0.24118,0.9981,7.19983,0.14692,2.06754,0.77505,0.31263,0.11719,3.85779,0.27543,1.6765,0.11969,45.44495,20.93362,7.06214,3.25308
TIC 123038007,7136,0.42266,9e-05,84.8714,1.63291,0.149,0.0024,0.64524,0.04804,1.00089,0.00371,0.87159,0.12862,142.97635,50.73345,-287.74486,110.41285,6.01339,6.63108,0.1998,0.57231,0.25954,0.9964,2.87957,0.07264,0.65309,0.2267,0.09731,0.03378,1.2619,0.20252,0.57226,0.09184,1.29052,1.51222,0.25785,0.30214
TIC 13070701,7211,0.41417,0.00017,77.76838,0.35283,0.10369,0.00111,0.41941,0.03201,1.00017,0.00293,0.79245,0.12424,19.73917,27.28811,-211.40324,139.42138,2.85764,3.3631,0.13984,0.58966,0.22281,0.9951,2.83207,0.07123,0.83936,0.21097,0.08703,0.02188,2.23753,0.29433,0.84548,0.11121,13.0114,15.46951,1.81951,2.16326
TIC 138256097,6547,0.46385,0.00035,78.6992,0.36965,0.23247,0.00331,0.30487,0.02398,0.9986,0.00366,0.92297,0.0669,23.30643,33.04794,-75.04088,67.86426,9.75525,9.09523,0.27541,0.52488,0.27807,0.9992,3.11617,0.07591,0.90164,0.42933,0.2096,0.09981,1.68913,0.09637,0.89486,0.05105,5.87381,1.78576,1.61771,0.49182
TIC 140757590,6189,0.41844,0.00029,83.20914,0.82533,0.1824,0.00354,0.60085,0.03551,1.00628,0.00543,0.78449,0.12267,65.56701,78.71284,-48.80383,138.85984,9.98733,9.45763,0.2393,0.55664,0.2741,0.9929,2.85682,0.0712,1.77988,0.33234,0.32465,0.06062,1.73273,0.23651,0.85323,0.11646,8.80951,7.16944,2.10812,1.71565
TIC 141871560,7092,0.63001,0.00018,82.36809,0.44254,0.16839,0.00129,0.6137,0.02586,0.9921,0.00577,0.90999,0.04927,45.94111,59.75348,-220.93087,14.96041,19.50701,6.33923,0.21489,0.56271,0.26807,0.9909,4.05941,0.09076,1.07864,0.67697,0.18163,0.114,2.11325,0.15145,1.00673,0.07215,13.36103,4.37732,2.87115,0.94064
TIC 142587827,6721,0.43929,9e-05,83.92888,0.67346,0.15642,0.00089,0.5036,0.0179,0.99824,0.00305,0.73307,0.19739,91.98762,15.11347,-192.81541,72.03128,2.76892,12.7307,0.20174,0.56336,0.2567,0.9991,2.97462,0.07363,3.08297,0.90743,0.48224,0.14194,1.80142,0.18226,0.82083,0.08305,7.859,4.05293,1.58547,0.81764
TIC 142625736,6277,0.45549,0.00011,89.11663,0.63573,0.26155,0.0045,0.44849,0.01796,1.00534,0.00329,0.90461,0.1005,166.95947,81.50145,-92.09352,148.45508,27.02159,20.9849,0.31963,0.52327,0.29632,0.9872,3.06647,0.07578,1.84027,0.57398,0.48132,0.15012,1.57958,0.0673,0.89449,0.03811,3.97978,0.56995,1.27206,0.18217
TIC 143058907,7323,0.60079,0.00013,81.90503,1.24886,0.08056,0.00216,0.44569,0.08538,0.93964,0.00217,0.69772,0.10132,157.2177,35.74027,-171.67283,16.04885,6.88296,4.98681,0.09213,0.60778,0.20678,0.9956,3.8914,0.0876,2.19303,0.3689,0.17667,0.02972,2.37247,0.14685,0.80717,0.04996,9.15614,3.7711,0.84355,0.34743
TIC 428257299,4960,0.63842,0.00031,84.18376,3.40891,0.11678,0.00557,0.25753,0.10883,0.8432,0.02083,0.73611,0.0701,159.6695,15.13587,-335.60752,170.06487,36.14688,16.04725,0.08199,0.57607,0.22482,0.9948,4.10703,0.09102,2.38111,0.34762,0.27807,0.0406,2.22903,0.20321,0.86991,0.07931,1.48425,0.94384,0.12169,0.07739
TIC 432128410,5734,1.16556,0.00016,80.0622,0.98563,0.15734,0.00873,0.19842,0.28613,0.90941,0.05825,0.81327,0.1032,31.0865,16.39996,-349.9201,58.9969,26.72454,3.74148,0.13937,0.55109,0.24309,0.9937,7.10251,0.14653,3.38945,0.74813,0.5333,0.11771,4.27829,0.17231,1.88719,0.07601,10.24825,4.26469,1.4283,0.59437
TIC 434097226,5908,0.44564,0.00028,83.35494,5.91953,0.24811,0.05357,0.21532,0.15324,0.95284,0.01762,0.62335,0.03842,37.07888,19.35309,-306.4343,93.80099,16.43742,3.86132,0.24659,0.51522,0.2782,0.9975,3.00973,0.07327,1.29068,0.45313,0.32023,0.11243,1.33527,0.11894,0.721,0.06422,0.77404,0.76371,0.19087,0.18832
TIC 434508647,7034,0.7466,0.00027,79.24844,2.49288,0.26364,0.05704,0.08968,0.14318,0.87046,0.02417,0.7218,0.07394,147.59983,29.45117,-338.5311,6.60918,34.78064,9.19246,0.18375,0.5038,0.27573,0.9967,4.7227,0.10238,2.8345,0.43011,0.74729,0.1134,2.36467,0.10381,1.29418,0.05682,16.98898,4.87481,3.12172,0.89575
TIC 436660156,5316,0.4149,9e-05,76.98712,0.44139,0.20987,0.00327,0.39246,0.02968,1.01838,0.00303,0.88259,0.13264,95.35314,66.02045,-205.2737,90.35161,4.32888,5.37524,0.27509,0.53697,0.27461,0.9981,2.83592,0.07212,0.93885,0.36579,0.19704,0.07677,1.44049,0.09989,0.73667,0.05108,0.68031,0.35666,0.18715,0.09811
TIC 43712632,6137,0.92543,0.00019,86.41375,1.65695,0.25291,0.01193,0.10647,0.03181,0.9034,0.01355,0.80327,0.05119,52.9687,8.84086,-349.61446,1.69909,30.32099,3.37162,0.20366,0.50818,0.27351,0.9981,5.73894,0.11935,3.7067,0.58655,0.93746,0.14834,3.50756,0.1861,1.88782,0.10016,17.0028,2.85008,3.46279,0.58045
TIC 43864479,6097,0.59475,0.00015,82.33806,0.39228,0.17623,0.00144,0.47908,0.02086,1.00314,0.00289,0.87212,0.11348,89.14694,65.10773,-162.64346,69.79195,4.22012,4.24987,0.22616,0.55378,0.265,0.9977,3.85861,0.08603,1.06584,0.4781,0.18783,0.08426,1.71874,0.18647,0.82247,0.08923,8.64678,2.38302,1.95556,0.53894
TIC 439596199,5810,0.49332,8e-05,75.03731,0.05354,0.10811,0.00123,0.10824,0.02246,0.91717,0.00458,0.6436,0.04237,135.67727,42.71575,-181.35465,126.1892,3.02122,2.80035,0.10045,0.57737,0.21412,0.9958,3.28139,0.07773,4.13373,2.03536,0.4469,0.22004,2.08187,0.20051,0.77207,0.07436,11.91626,7.59349,1.19699,0.76277
TIC 441200647,5889,1.1532,0.00277,83.43657,0.73435,0.10754,0.00827,0.35819,0.03633,0.99291,0.02093,0.7295,0.08431,26.86901,66.05375,-0.27753,98.1478,13.86645,3.26305,0.1389,0.58523,0.22304,0.9984,7.03569,0.14404,3.47352,1.14454,0.37354,0.12308,3.94607,0.23854,1.50391,0.09091,17.35591,4.42798,2.41074,0.61505
TIC 445829772,5807,0.41031,7e-05,87.84692,1.40182,0.26685,0.00886,0.25275,0.03098,1.02207,0.01399,0.92481,0.10059,46.71088,50.1073,-353.69686,178.30198,26.0863,7.52944,0.33445,0.51124,0.28621,0.9962,2.80854,0.07156,0.85838,0.22163,0.22906,0.05914,1.11372,0.13813,0.6235,0.07733,1.07505,1.06249,0.35955,0.35535
TIC 450637853,7039,0.49694,0.00013,79.45537,4.19719,0.15364,0.00696,0.12899,0.1579,0.933,0.03921,0.72446,0.08751,145.07332,49.75728,-31.43109,170.26654,20.82074,5.01415,0.14742,0.55039,0.23831,0.9757,3.30187,0.07879,1.12056,0.19458,0.17216,0.02989,1.3357,0.22496,0.57834,0.0974,2.34634,2.83675,0.3459,0.41819
TIC 452819172,7403,0.41218,7e-05,75.02738,0.03129,0.14262,0.00137,0.10756,0.01703,0.95382,0.00277,0.68161,0.06708,170.53192,13.62831,-173.92078,59.15328,3.96792,3.57557,0.15214,0.55558,0.23228,0.9939,2.82094,0.07287,0.75547,0.3043,0.10775,0.0434,1.554,0.13145,0.6497,0.05496,3.85109,3.52803,0.58591,0.53675
TIC 453097744,5684,1.05639,0.00018,77.60557,1.59291,0.19399,0.00713,0.13289,0.09947,0.92414,0.01356,0.94227,0.03109,94.12156,10.09258,-354.1283,38.19784,27.91658,4.41171,0.17538,0.53157,0.2551,0.9738,6.48154,0.13557,1.99843,0.74644,0.38768,0.1448,3.13508,0.30951,1.50452,0.14853,9.41989,7.8667,1.65206,1.37966
TIC 392536812,6612,0.5907,0.0004,75.20165,0.49421,0.08535,0.0018,0.54161,0.06166,1.02104,0.00947,0.88548,0.09562,65.52598,29.13826,-154.94851,14.20467,8.76389,3.54785,0.13002,0.60639,0.21379,0.9986,3.83502,0.08713,1.04904,0.55081,0.08954,0.04701,2.33247,0.13978,0.82234,0.04928,3.36,2.42785,0.43687,0.31567
TIC 393943031,6425,0.44987,0.0001,80.49719,0.25681,0.15173,0.00154,0.41683,0.01667,1.00159,0.00205,0.78227,0.15239,175.00525,12.1558,-150.0858,68.61174,20.38385,13.05704,0.19488,0.56218,0.25032,0.9989,3.03418,0.07523,1.41275,0.31875,0.21436,0.04836,1.52179,0.09739,0.6776,0.04336,6.06413,3.73326,1.18178,0.72754
TIC 398336271,6010,0.53651,9e-05,81.36299,1.24561,0.12202,0.00305,0.29773,0.06192,0.9909,0.01358,0.77958,0.1374,137.76707,43.17311,-173.78401,64.40429,8.31464,7.44188,0.15343,0.57408,0.22941,0.9949,3.52895,0.08322,0.75539,0.43725,0.09217,0.05335,1.49303,0.23517,0.59664,0.09398,7.38985,2.71356,1.13382,0.41634
TIC 399577123,5452,0.31192,0.0001,82.14392,1.92176,0.14668,0.02406,0.52853,0.04321,1.04809,0.00969,0.85168,0.06263,114.30257,15.1493,-75.86049,7.11312,17.26415,2.26501,0.22408,0.56888,0.25282,0.9985,2.24946,0.06505,1.4421,0.46989,0.21153,0.06892,1.13759,0.14912,0.50556,0.06627,0.5016,0.53074,0.1124,0.11893
TIC 400360028,6069,0.97312,0.00015,80.99033,0.88798,0.06953,0.0046,0.54346,0.0585,1.00076,0.02869,0.72316,0.11333,33.92717,29.64534,-2.15719,76.61755,11.02752,4.01872,0.10241,0.61982,0.20031,0.9907,6.01113,0.12518,1.82318,0.49648,0.12677,0.03452,3.12455,0.49847,1.00977,0.16109,5.63857,6.65515,0.57745,0.68155
TIC 401925979,6928,0.47997,0.00028,79.81872,0.5689,0.16681,0.00249,0.12173,0.01606,0.93666,0.00476,0.95136,0.04754,135.53093,18.37243,-1.60819,1.33025,31.92311,4.71142,0.16357,0.54346,0.24373,0.9898,3.20508,0.0771,3.54452,0.84113,0.59126,0.14031,2.05013,0.26497,0.91944,0.11883,14.36333,5.34637,2.34941,0.87451
TIC 401928563,5852,0.36258,7e-05,84.16075,3.15394,0.11791,0.00677,0.65124,0.0706,1.06006,0.02584,0.79039,0.09509,155.38196,20.84491,-314.40386,19.54286,32.20578,7.53104,0.19723,0.58819,0.24128,0.9944,2.53874,0.0672,2.14994,0.50444,0.2535,0.05948,1.10587,0.19697,0.45364,0.0808,9.07128,5.05822,1.78913,0.99763
TIC 402795415,6515,0.91012,0.00015,83.87175,9.06252,0.16037,0.08378,0.26734,0.20043,0.97664,0.04109,0.74692,0.13799,50.36098,16.50362,-356.65569,11.49173,14.69365,3.66134,0.18383,0.55224,0.24761,0.9965,5.65213,0.11826,3.40912,0.53664,0.54672,0.08606,2.54956,0.29293,1.14316,0.13134,12.04936,7.34379,2.21503,1.35001
TIC 406781370,6854,0.89595,0.00107,79.64872,0.51719,0.15022,0.00257,0.23004,0.0295,0.94946,0.00639,0.93119,0.02905,149.56226,11.16007,-358.76517,1.80332,43.86108,5.72022,0.15923,0.55591,0.2412,0.9959,5.57289,0.1177,2.34064,0.335,0.35161,0.05032,3.40085,0.18956,1.47557,0.08225,18.46483,4.67514,2.94016,0.74442
TIC 411451519,7035,0.60561,0.00012,80.90305,0.20699,0.21779,0.00024,0.28931,0.00314,0.98229,0.00156,0.93838,0.01914,161.57279,10.74943,-267.76752,3.35527,38.42987,11.52845,0.24723,0.52926,0.27201,0.9984,3.91968,0.08946,1.7653,0.4072,0.38446,0.08868,2.2095,0.09372,1.13556,0.04816,13.06331,3.61047,3.22964,0.89262
TIC 411704509,5316,0.75451,0.00012,84.0242,3.59365,0.18654,0.00468,0.20761,0.14827,0.85724,0.00642,0.93484,0.0187,126.28818,15.08144,-292.23517,63.02837,40.1643,13.37147,0.13017,0.53792,0.25592,0.9951,4.76558,0.10259,3.07896,0.7181,0.57435,0.13396,2.81872,0.22607,1.34103,0.10756,1.2437,1.12266,0.16189,0.14614
TIC 415969184,6759,0.94815,0.00014,81.8482,0.79396,0.13437,0.00313,0.24798,0.16828,0.95831,0.00916,0.8448,0.04679,61.19883,15.27553,-359.33379,66.67025,16.32284,4.08883,0.14924,0.56515,0.23409,0.9989,5.86694,0.12289,1.38515,0.61517,0.18612,0.08266,3.86587,0.30229,1.60128,0.12521,31.17821,14.48549,4.65304,2.16181
TIC 417052182,5899,0.31332,7e-05,84.87238,2.65727,0.1177,0.00437,0.48377,0.07089,0.99402,0.01515,0.77817,0.0909,147.96528,28.65865,-318.76805,148.68678,13.20151,10.17995,0.15512,0.58277,0.23428,0.9961,2.25656,0.06551,1.43494,0.18923,0.16889,0.02227,1.17377,0.15939,0.47187,0.06407,0.377,0.39579,0.05848,0.0614
TIC 336561759,5362,0.33948,7e-05,86.54235,1.56281,0.16439,0.00512,0.50156,0.06373,1.03662,0.01261,0.93372,0.07385,126.87978,25.44292,-69.99901,147.54664,26.02588,5.86697,0.2408,0.55973,0.26055,0.9986,2.40749,0.0664,1.47276,0.27675,0.24211,0.0455,1.14949,0.14708,0.53508,0.06846,4.40406,1.87612,1.0605,0.45177
TIC 339637059,6135,0.67695,0.00014,76.1746,0.66259,0.08713,0.00229,0.34423,0.06274,0.97668,0.0094,0.74546,0.09551,137.40608,19.29845,-309.77723,96.80923,10.67662,5.20053,0.10994,0.59978,0.20855,0.9844,4.32408,0.09605,2.38337,0.55141,0.20766,0.04804,2.5031,0.16032,0.87036,0.05574,6.39887,2.57754,0.70349,0.28337
TIC 343409837,6101,0.35235,0.00018,83.95684,0.49842,0.1052,0.00141,0.48624,0.02384,1.02784,0.00353,0.76531,0.15529,23.66586,32.10149,-237.5771,20.92003,7.68979,8.40454,0.15653,0.59066,0.22631,0.9964,2.47973,0.06719,0.74463,0.35537,0.07833,0.03739,1.62482,0.1368,0.62254,0.05241,2.83694,1.61215,0.44407,0.25235
TIC 348897766,6238,0.44213,8e-05,79.388,0.15201,0.21854,0.00113,0.34092,0.0102,1.01387,0.00158,0.74392,0.1216,104.96894,12.74279,-293.17244,10.18424,5.64127,1.30537,0.27568,0.53144,0.27509,0.9994,2.98957,0.0744,1.265,0.29329,0.27645,0.0641,1.47408,0.14037,0.76303,0.07266,1.59724,0.92584,0.44033,0.25524
TIC 354115226,5412,0.58313,0.00031,82.54238,0.51239,0.22929,0.00408,0.13955,0.02319,0.92706,0.00598,0.95234,0.00978,76.43821,9.1116,-9.94595,2.15591,33.24269,4.31689,0.20638,0.51803,0.26789,0.9942,3.79156,0.08647,3.98421,0.91254,0.91354,0.20924,2.02007,0.09835,1.04465,0.05086,0.80787,0.88897,0.16673,0.18347
TIC 356192212,7043,0.7267,0.00012,85.99597,5.9379,0.11269,0.00245,0.40711,0.20341,0.81812,0.01532,0.87949,0.0169,59.05084,14.62075,-319.60625,164.2859,24.22594,8.40489,0.07895,0.58339,0.22814,0.9955,4.6087,0.09916,2.33215,0.73656,0.26281,0.083,2.59959,0.20927,1.01659,0.08184,4.66542,5.29442,0.36833,0.41799
TIC 359987981,5856,1.06669,0.00017,82.50615,1.07874,0.08438,0.00288,0.54969,0.08371,0.99725,0.01102,0.98492,0.02796,43.31521,13.99559,-2.18711,143.13961,31.76882,15.22436,0.11885,0.60736,0.21329,0.9993,6.54074,0.13534,4.55447,1.17798,0.38431,0.0994,4.79445,0.2922,1.68369,0.10261,17.1706,7.12953,2.04073,0.84734
TIC 364325969,5679,0.42,9e-05,84.92724,0.544,0.27787,0.00265,0.13214,0.01435,1.01502,0.00233,0.82881,0.03751,114.45424,1.3842,-355.5392,0.82051,24.2296,2.12628,0.33232,0.50153,0.28228,0.9985,2.8644,0.07184,1.61091,0.26089,0.44762,0.07249,1.19718,0.22099,0.67382,0.12438,4.87656,3.28741,1.62058,1.09247
TIC 365034219,5503,0.37785,7e-05,89.24875,1.084,0.21249,0.00307,0.60153,0.02467,1.06121,0.00498,0.80546,0.04921,13.96407,6.52326,-215.65113,4.04902,38.05183,8.21189,0.33169,0.5461,0.28729,0.9955,2.62475,0.0698,1.41967,0.31867,0.30167,0.06772,1.6819,0.21118,0.88481,0.11109,7.50681,3.5619,2.48993,1.18145
TIC 36729364,5337,0.3275,0.00016,83.86513,0.59713,0.23414,0.00771,0.40906,0.05325,1.02057,0.00634,0.78073,0.06659,139.89895,22.34075,-66.9689,147.43308,26.16737,11.60175,0.30569,0.5295,0.28456,0.9966,2.33954,0.06511,0.82167,0.20715,0.19238,0.0485,1.29555,0.09957,0.69624,0.05351,1.02666,0.32409,0.31384,0.09907
TIC 372127422,7218,0.79452,0.00116,82.15666,0.40288,0.18558,0.00178,0.57981,0.02789,0.99051,0.00863,0.82837,0.04835,20.53068,65.4638,-233.75905,5.35058,25.60043,3.86678,0.23125,0.5545,0.27445,0.9962,4.9944,0.10692,1.59131,0.32721,0.29532,0.06072,3.10846,0.25676,1.53853,0.12709,14.24254,10.74505,3.29359,2.48479
TIC 377296926,6501,0.43149,8e-05,75.54209,0.32558,0.158,0.00559,0.70775,0.04158,1.01373,0.01019,0.94578,0.06888,22.40231,16.70456,-342.28426,40.46184,16.45586,7.73728,0.22082,0.57092,0.26748,0.9992,2.93051,0.07402,2.31587,0.40753,0.36591,0.06439,1.54592,0.13888,0.72427,0.06506,7.66843,4.1205,1.69334,0.90989
TIC 380670111,6306,0.28718,0.00012,78.61217,0.81387,0.10764,0.00308,0.30767,0.05103,1.03504,0.01296,0.98306,0.01539,112.52241,60.00828,-345.11345,149.24898,38.0268,18.64727,0.15865,0.58364,0.22121,0.9961,2.10956,0.06246,0.98436,0.33927,0.10596,0.03652,1.24142,0.0822,0.47052,0.03116,1.91993,1.04831,0.3046,0.16631
TIC 38707340,7113,0.56364,0.00017,75.21202,0.2783,0.13674,0.00225,0.12196,0.02863,0.96971,0.00893,0.97736,0.0267,69.48242,53.19908,-173.35035,12.97547,28.22385,13.19173,0.15368,0.55944,0.23004,0.9929,3.68115,0.08497,1.04216,0.75459,0.1425,0.10318,1.92778,0.10449,0.7927,0.04297,7.26058,2.6746,1.11581,0.41103
TIC 387513120,5227,0.30371,0.0001,81.39723,5.74946,0.16672,0.02496,0.41405,0.12295,1.05909,0.0038,0.89173,0.10034,125.18368,20.85977,-164.64519,92.36211,7.91704,6.44209,0.25435,0.55513,0.25743,0.9991,2.20289,0.06446,2.38471,0.8101,0.39758,0.13506,1.08601,0.1128,0.50362,0.05231,0.12208,0.15134,0.03105,0.03849
TIC 387586260,6477,0.88025,0.00017,80.83706,0.44562,0.22529,0.00352,0.68463,0.02025,0.95699,0.00395,0.89729,0.02676,93.53168,46.81655,-274.42681,97.34097,21.46075,6.16224,0.24851,0.54632,0.29746,0.9985,5.48453,0.11641,3.39862,0.40988,0.76567,0.09234,2.69709,0.23632,1.46851,0.12867,5.63759,2.12612,1.401,0.52836
TIC 144376560,7135,0.43856,0.00017,87.81627,1.96803,0.08642,0.00505,0.56963,0.10368,1.0824,0.01505,0.79044,0.10483,51.11979,32.78591,-266.27869,128.12233,18.33075,3.98318,0.15883,0.60631,0.21559,0.9969,2.97035,0.0742,1.70125,0.2469,0.14702,0.02134,1.86514,0.10594,0.6632,0.03767,9.60754,5.36074,1.52597,0.85145
TIC 198037139,6661,0.36013,6e-05,84.27375,0.95883,0.13507,0.00187,0.53061,0.03584,1.04243,0.00326,0.71935,0.11824,154.71317,19.9341,-57.71227,73.64456,9.67627,4.30088,0.20323,0.57474,0.24653,0.9991,2.5238,0.06746,0.79909,0.3763,0.10793,0.05083,1.14303,0.2134,0.49029,0.09154,1.97549,2.31906,0.40148,0.4713
TIC 257625332,6621,0.68078,0.00019,80.39403,0.18082,0.21728,0.00119,0.40716,0.01529,0.97546,0.00508,0.8008,0.08305,126.1975,11.89146,-174.06285,1.50596,17.30343,2.99814,0.24572,0.53505,0.27825,0.9995,4.34812,0.09519,2.19817,0.49798,0.47762,0.1082,2.64957,0.14193,1.3779,0.07381,4.57115,3.63879,1.12322,0.89412
TIC 289166536,6467,0.46892,9e-05,84.27246,0.39099,0.24164,0.00197,0.48244,0.01539,1.01382,0.00218,0.85882,0.06259,124.81576,18.11083,-294.12513,3.81775,15.23221,4.1511,0.30824,0.53092,0.29152,0.9888,3.14283,0.07585,1.10643,0.20049,0.26736,0.04845,1.77148,0.11168,0.97269,0.06132,7.70393,2.42138,2.37466,0.74637
TIC 332910986,7379,0.64297,0.00022,79.9102,0.2392,0.18127,0.00087,0.22939,0.01252,0.93276,0.0029,0.81159,0.06611,24.17021,11.10773,-195.45713,1.89289,19.83837,2.74534,0.1796,0.54112,0.25486,0.9902,4.1306,0.09148,1.20904,0.25476,0.21916,0.04618,2.34362,0.14373,1.10381,0.06769,12.26854,2.84849,2.20343,0.51159
TIC 426146826,6277,0.3969,0.00027,68.61128,0.29359,0.08999,0.00195,0.14051,0.02574,1.01386,0.00353,0.77346,0.11739,153.92348,16.61335,-71.75806,141.28067,11.78522,7.53145,0.12328,0.59211,0.2038,0.9959,2.73273,0.06953,1.01876,0.2616,0.09168,0.02354,1.44422,0.16724,0.49709,0.05756,12.82515,4.73491,1.58108,0.58372
TIC 456797644,7019,0.81914,0.00016,82.47949,0.86198,0.19264,0.00395,0.72822,0.05712,0.99369,0.00595,0.83973,0.06513,41.81124,31.99603,-182.48527,8.75648,13.06459,3.82444,0.24554,0.55881,0.28585,0.9985,5.13238,0.11005,3.33438,0.64131,0.64234,0.12354,2.76024,0.19777,1.41196,0.10117,15.36189,8.28353,3.77196,2.03394
TIC 290034099,7810,0.59182,0.00055,82.24794,0.26513,0.31908,0.00276,0.40228,0.02283,0.98035,0.00553,0.77869,0.07716,75.44518,33.26818,-243.71058,5.68472,15.9784,3.61833,0.34685,0.50565,0.3108,0.9981,3.84158,0.08604,2.50795,0.67385,0.80024,0.21501,1.98213,0.12592,1.21833,0.0774,16.88988,4.42945,5.85825,1.53635
TIC 29287800,6125,0.37654,8e-05,80.54337,0.29902,0.25364,0.00357,0.28711,0.01344,1.03319,0.00387,0.81223,0.05522,45.51883,17.22597,-301.64783,3.40171,16.96949,3.13673,0.3319,0.51709,0.28411,0.9989,2.61703,0.06948,2.38744,0.92907,0.60555,0.23565,1.58447,0.09266,0.87057,0.05091,0.929,0.70033,0.30833,0.23244
TIC 293565743,6417,0.66604,0.00014,75.05947,0.10279,0.10002,0.00172,0.21002,0.04902,0.92005,0.00831,0.91085,0.06806,95.84963,16.05629,-335.42066,176.70744,8.49911,6.41651,0.09942,0.58618,0.21283,0.9953,4.2643,0.09406,2.04847,0.3776,0.20489,0.03777,2.16922,0.27606,0.7876,0.10023,2.38699,3.18023,0.23731,0.31618
TIC 294273900,6028,0.47229,0.00011,82.30962,4.07314,0.21352,0.00399,0.31492,0.06713,1.04704,0.00468,0.90071,0.04775,16.14648,32.32841,-2.38463,3.13052,25.82123,4.64109,0.29883,0.53202,0.27182,0.9993,3.16206,0.07707,2.25966,0.41735,0.48248,0.08911,1.78784,0.13594,0.91344,0.06945,9.24788,3.68485,2.76354,1.10114
TIC 296657504,5769,0.44965,9e-05,85.25564,1.09764,0.27112,0.00295,0.18263,0.0577,1.02959,0.01139,0.8805,0.03598,154.65119,27.25117,-23.33771,23.80632,34.07722,9.00388,0.3442,0.50625,0.28333,0.9997,3.03349,0.07487,1.22959,0.21462,0.33337,0.05819,1.62971,0.13755,0.91209,0.07698,3.25509,1.53815,1.1204,0.52943
TIC 29777922,7120,0.53047,0.00047,80.02979,1.44755,0.095,0.00377,0.25997,0.09088,0.91772,0.0114,0.91523,0.10324,135.24702,40.93257,-62.24547,163.52846,15.66067,9.01482,0.09708,0.59135,0.21127,0.997,3.4929,0.08185,0.97411,0.41445,0.09254,0.03937,2.31184,0.15027,0.82594,0.05369,9.66383,6.48887,0.93817,0.62994
TIC 29848012,5535,0.34912,8e-05,85.1509,0.43992,0.32492,0.00396,0.09408,0.01331,1.03595,0.00345,0.69596,0.08142,65.85986,13.43881,-22.65909,7.8093,9.56728,1.44295,0.40989,0.48607,0.2923,0.9958,2.46109,0.06735,0.93388,0.25536,0.30344,0.08297,1.30175,0.08741,0.78281,0.05256,4.66699,1.37237,1.91295,0.56252
TIC 311235572,7195,0.61897,0.00012,79.64284,0.30777,0.26969,0.00338,0.6447,0.02702,0.99227,0.00701,0.93553,0.0417,141.31659,38.76931,-154.96779,5.67422,41.63386,10.92557,0.32473,0.53206,0.31159,0.9993,3.99734,0.08868,1.70652,0.37718,0.46023,0.10172,2.25403,0.11007,1.32003,0.06446,12.49246,6.86859,4.05668,2.23044
TIC 314459000,6151,0.85901,0.0004,80.30878,0.1483,0.18589,0.00078,0.49432,0.02117,0.9911,0.00244,0.85779,0.04723,28.55348,12.21183,-174.80604,1.40137,20.75219,4.319,0.22709,0.55058,0.27011,0.9852,5.35911,0.11239,2.64943,0.43882,0.4925,0.08157,3.00674,0.1368,1.47508,0.06711,15.33329,2.5495,3.48204,0.57897
TIC 315937374,6656,0.60626,0.00015,78.78381,0.58952,0.13551,0.00223,0.58882,0.04821,0.94143,0.00517,0.93136,0.02367,111.31485,19.47095,-290.13809,2.11093,34.17919,10.84884,0.15007,0.57663,0.24935,0.998,3.92232,0.08724,4.92052,2.1387,0.66678,0.28982,2.78838,0.2842,1.20577,0.1229,7.85614,5.88756,1.17897,0.88355
TIC 316250867,5006,0.68495,0.0001,77.04104,0.77635,0.19164,0.00315,0.27173,0.03795,0.9493,0.00615,0.89003,0.03955,57.0112,21.60035,-268.82315,6.41381,19.19735,2.97425,0.18556,0.53853,0.26115,0.9957,4.37087,0.09634,1.75406,0.38785,0.33615,0.07433,2.45344,0.12561,1.18975,0.06091,2.64125,0.93231,0.49011,0.173
TIC 316333039,7051,0.82532,0.00015,72.18131,0.1179,0.1163,0.00068,0.54028,0.01606,0.97844,0.00277,0.67388,0.09074,52.0697,15.15803,-191.68889,2.57482,6.01951,0.89358,0.14605,0.58545,0.23568,0.9897,5.16938,0.11041,2.75954,0.48253,0.32093,0.05612,2.60876,0.30916,1.05019,0.12446,6.86569,4.29266,1.00273,0.62694
TIC 316769246,5857,0.34768,8e-05,77.84335,0.36512,0.14338,0.00252,0.62557,0.02532,1.06195,0.00502,0.92851,0.01934,91.64216,8.27344,-315.25916,2.73894,23.72206,2.38095,0.2318,0.57415,0.2555,0.998,2.45249,0.06762,2.64524,0.505,0.37927,0.07241,1.53475,0.14396,0.68297,0.06407,6.75463,1.81855,1.56572,0.42154
TIC 317470793,5673,0.41731,0.00022,86.62177,0.85963,0.3323,0.00857,0.06298,0.0451,0.99055,0.01927,0.72985,0.07894,25.76077,15.6252,-320.72412,154.07583,25.84863,15.3748,0.35457,0.48233,0.2921,0.9975,2.85009,0.07324,0.95267,0.29529,0.31657,0.09813,1.38349,0.08735,0.83785,0.0529,2.19486,0.71708,0.77823,0.25425
TIC 320506144,6229,0.39031,9e-05,84.83582,3.16315,0.09728,0.00552,0.55186,0.08646,1.01172,0.02681,0.78725,0.15152,175.46324,60.29249,-260.91078,42.95075,41.47023,8.54195,0.14098,0.59795,0.22321,0.9979,2.69522,0.06929,1.92719,0.29705,0.18748,0.0289,1.72597,0.08575,0.64429,0.03201,2.51089,0.78957,0.35398,0.11131
TIC 323442776,6116,1.15017,0.00018,79.18529,0.11716,0.28672,0.0017,0.2825,0.00974,0.98396,0.00305,0.86249,0.06315,162.12549,5.76143,-221.29933,9.02188,32.89846,6.60241,0.314,0.50707,0.29392,0.9982,7.01599,0.14411,1.75779,0.24484,0.50399,0.0702,3.19299,0.20639,1.8508,0.11963,13.869,3.75084,4.35487,1.17776
TIC 330453808,6087,0.42193,0.00012,80.45527,0.74204,0.1554,0.00444,0.65085,0.0291,0.99259,0.01248,0.94024,0.05874,11.18667,10.49798,-314.47971,83.51463,27.83872,7.08434,0.20058,0.5697,0.26326,0.9979,2.87523,0.0721,1.26035,0.44388,0.19586,0.06898,1.60208,0.08726,0.74033,0.04032,7.6405,2.8456,1.53253,0.57077
TIC 258776281,6485,0.52164,8e-05,81.5465,0.50716,0.1543,0.00167,0.60014,0.03189,1.00277,0.00254,0.82286,0.15233,62.09359,64.34326,-212.73794,148.3671,3.28454,3.42143,0.20483,0.56815,0.26021,0.9855,3.44113,0.08049,2.20623,0.59099,0.34042,0.09119,1.42943,0.17771,0.65467,0.08139,5.383,4.49578,1.1026,0.92087
TIC 260411041,6952,0.40305,0.00019,80.31924,0.61907,0.12087,0.00198,0.6345,0.04421,1.00096,0.00573,0.75159,0.11469,136.46152,49.76486,-330.67643,20.18607,7.8696,5.46592,0.16639,0.58597,0.24248,0.9994,2.76816,0.07123,1.51708,0.44399,0.18337,0.05367,1.5557,0.13122,0.64376,0.0543,8.44896,3.77936,1.40582,0.62885
TIC 261089147,7620,0.46171,9e-05,79.637,0.8681,0.23175,0.00775,0.38967,0.02544,0.95725,0.00808,0.82335,0.05469,63.90874,24.15953,-256.21971,128.1402,17.06806,4.81153,0.24708,0.52931,0.28259,0.9991,3.10168,0.07446,1.52327,0.20361,0.35302,0.04719,1.80451,0.08285,0.9634,0.04423,7.34504,3.46856,1.81481,0.85701
TIC 261105201,6063,0.95612,0.00013,75.15636,1.07736,0.12797,0.00222,0.25776,0.05609,0.91616,0.00713,0.72815,0.03541,151.59858,44.27967,-52.30167,153.7791,18.38564,11.23147,0.12042,0.56919,0.2311,0.9988,5.91283,0.1229,2.2412,0.60476,0.28681,0.07739,3.77768,0.2618,1.5338,0.1063,13.27032,5.59068,1.59801,0.67323
TIC 261981997,5726,0.89027,0.00026,77.09161,0.49684,0.10495,0.00303,0.73429,0.06881,1.03349,0.01044,0.88778,0.07693,155.885,16.92627,-115.35006,27.79018,24.04512,12.63767,0.16694,0.59846,0.23577,0.9992,5.5378,0.11736,4.73005,1.28098,0.49642,0.13444,2.77687,0.21634,1.09398,0.08523,13.26242,5.6377,2.21403,0.94116
TIC 265015162,5787,0.32776,0.0001,83.41518,1.20393,0.11839,0.00397,0.66877,0.07135,1.06995,0.01169,0.84272,0.06655,26.10692,7.28285,-203.78266,4.78154,23.9356,5.86316,0.20461,0.58851,0.24232,0.9972,2.34101,0.06603,0.80255,0.25172,0.09501,0.0298,1.52394,0.15034,0.62749,0.0619,1.2135,0.80621,0.24829,0.16496
TIC 266769521,6102,0.53662,0.00033,88.01155,2.845,0.32217,0.01998,0.15443,0.10885,0.92961,0.03733,0.75565,0.09259,40.74739,50.82555,-348.87705,108.92677,28.1953,3.13244,0.28173,0.49026,0.29546,0.994,3.52674,0.08212,1.60365,0.22134,0.51665,0.07131,1.65684,0.08783,0.99851,0.05293,1.30221,0.89982,0.36687,0.25351
TIC 266769522,7065,0.53658,0.0004,85.34241,2.18492,0.31075,0.01235,0.08723,0.18133,0.90366,0.00532,0.7903,0.03375,157.1406,3.18514,-353.92687,1.05116,48.53009,1.26616,0.2449,0.48953,0.28834,0.9813,3.52831,0.08295,1.25296,0.26289,0.38936,0.08169,2.27939,0.25029,1.34259,0.14742,7.39278,6.72949,1.81049,1.64805
TIC 267043786,6720,0.59471,0.00012,82.45141,0.09528,0.30408,0.0007,0.21319,0.00582,0.96725,0.00251,0.82009,0.03132,101.39686,6.54794,-180.86058,0.35648,17.24628,1.81594,0.31231,0.49843,0.29446,0.9981,3.85866,0.0871,2.95977,0.82441,0.90001,0.25069,1.80473,0.09605,1.06619,0.05674,8.65808,2.15075,2.70401,0.6717
TIC 268686130,7836,0.46645,0.00025,82.68485,0.56843,0.17469,0.00163,0.2462,0.02451,0.96644,0.00809,0.76214,0.11673,77.29097,51.65562,-159.22632,21.70284,7.16655,3.318,0.19488,0.54473,0.25293,0.9794,3.12781,0.07663,1.18426,0.22944,0.20688,0.04008,1.48625,0.15507,0.6901,0.072,22.03517,5.81037,4.29421,1.13232
TIC 271495349,6688,0.55112,0.00014,86.64298,0.40936,0.43004,0.00237,0.37482,0.01113,1.00128,0.00133,0.88281,0.12022,86.86002,70.39545,-264.18756,104.59661,4.24612,4.5087,0.4819,0.48101,0.33582,0.9999,3.60992,0.08383,1.51726,0.42973,0.65248,0.1848,1.9526,0.27365,1.36322,0.19105,3.75635,3.83068,1.81019,1.846
TIC 274676647,6338,0.35437,7e-05,86.02837,0.51979,0.30347,0.00208,0.2279,0.01335,1.02206,0.00192,0.90986,0.06009,140.64761,17.79532,-72.1542,8.70084,19.51187,8.98283,0.37234,0.49942,0.29522,0.9997,2.48972,0.06772,1.04023,0.31133,0.31568,0.09448,1.17343,0.12795,0.69365,0.07564,18.1492,12.1739,6.75767,4.53283
TIC 274967957,5774,0.40094,0.00019,84.89982,0.55504,0.26139,0.00367,0.12266,0.01998,0.97089,0.00473,0.64334,0.05835,46.18286,9.76921,-300.97471,3.32687,17.58745,1.95083,0.26905,0.50621,0.27697,0.9981,2.75687,0.07059,1.48821,0.33061,0.389,0.08642,1.73695,0.12165,0.95036,0.06656,3.38964,1.53121,0.91198,0.41197
TIC 279156705,6923,0.72269,0.00083,82.04547,1.06809,0.1552,0.0044,0.70494,0.08654,0.99703,0.01272,0.84011,0.05323,38.16463,67.37283,-252.50007,21.24078,20.75802,7.90872,0.20587,0.57198,0.26584,0.9931,4.58584,0.09986,2.51124,0.53023,0.38974,0.08229,3.46929,0.41325,1.61243,0.19207,30.32986,16.00773,6.24401,3.29551
TIC 279224984,6011,1.06468,0.00017,82.47246,1.01603,0.1591,0.00543,0.18634,0.04106,0.95484,0.01127,0.72962,0.07779,55.59578,12.82494,-3.23586,3.43506,15.02166,2.15567,0.16616,0.54975,0.24334,0.9979,6.53002,0.13522,2.89597,0.56406,0.46075,0.08974,3.76827,0.29591,1.66798,0.13098,11.64056,8.05602,1.9342,1.33859
TIC 199612934,7092,0.60141,0.00014,81.50139,0.95048,0.09073,0.00219,0.37772,0.06274,0.9605,0.01195,0.79646,0.1139,141.98315,30.90633,-355.89756,18.12306,12.37933,11.80565,0.10999,0.59785,0.21231,0.9989,3.89412,0.08761,1.10009,0.34108,0.09981,0.03095,2.73545,0.12768,0.97142,0.04534,17.98244,5.87706,1.97789,0.64642
TIC 204325855,6524,0.48451,8e-05,77.23347,0.10422,0.24546,0.00141,0.04883,0.00613,0.99726,0.00093,0.73121,0.11121,1.15646,3.00468,-130.83154,75.88632,2.441,4.64603,0.27663,0.50791,0.26803,0.9993,3.23137,0.07802,1.56603,0.50857,0.3844,0.12483,1.59458,0.10475,0.84148,0.05528,4.22426,1.38296,1.16856,0.38257
TIC 211412634,6496,0.75302,0.00019,79.80048,2.03869,0.17463,0.00729,0.19077,0.11073,0.94921,0.01225,0.86289,0.12168,100.08995,70.73756,-125.50342,116.4074,7.21067,6.85049,0.17701,0.54251,0.25025,0.9958,4.75988,0.10419,2.53577,0.48858,0.44282,0.08532,2.63291,0.08184,1.21451,0.03775,14.34725,2.27254,2.53961,0.40226
TIC 219738202,6904,0.57879,0.0001,79.61798,2.80256,0.26537,0.02405,0.5387,0.15804,0.97186,0.0499,0.81243,0.12173,53.98545,42.60045,-172.77382,19.72091,21.05143,9.07036,0.29418,0.52717,0.30323,0.9908,3.76843,0.0866,2.52473,0.38777,0.66999,0.1029,1.56792,0.19004,0.90187,0.10931,1.66078,2.39871,0.48857,0.70565
TIC 233233639,7213,0.44051,0.0001,80.84404,0.90927,0.10707,0.00177,0.17726,0.04191,0.91776,0.00784,0.80691,0.05006,164.83848,4.70788,-336.61059,3.39839,43.03443,5.79451,0.10581,0.58014,0.21604,0.9977,2.98047,0.07444,1.88526,0.47856,0.20186,0.05124,1.77936,0.14355,0.66262,0.05346,14.382,5.43434,1.52176,0.57501
TIC 233636431,6896,0.42726,9e-05,83.45809,0.30997,0.24372,0.00185,0.24887,0.0148,0.99724,0.00297,0.7671,0.09041,165.68663,62.43732,-301.03891,20.15331,21.01855,15.7694,0.28401,0.51834,0.2787,0.9989,2.90544,0.07284,1.21253,0.29941,0.29552,0.07297,1.78234,0.21269,0.95833,0.11436,3.29136,2.36116,0.93478,0.67059
TIC 237130278,7080,0.41314,7e-05,76.49042,0.23408,0.14451,0.00111,0.51165,0.02127,0.99726,0.00365,0.8489,0.1318,151.98695,21.96489,-338.48824,41.93553,7.1377,5.93437,0.1877,0.5693,0.25089,0.9952,2.82575,0.07141,1.4845,0.36923,0.21453,0.05336,1.45239,0.0991,0.64007,0.04367,3.63651,1.13158,0.68257,0.2124
TIC 240911239,5760,0.41255,9e-05,83.09199,0.46088,0.25227,0.00277,0.27285,0.01948,1.00614,0.00264,0.87479,0.1269,148.38086,28.24224,-275.66777,155.12516,9.54873,7.99119,0.30305,0.51679,0.28284,0.9874,2.82251,0.0717,1.21947,0.32508,0.30764,0.08201,1.72773,0.12158,0.94559,0.06654,4.96634,1.77821,1.50505,0.53889
TIC 250114673,6200,0.32881,8e-05,72.26498,0.12937,0.0929,0.0006,0.49664,0.01808,1.00862,0.00162,0.79038,0.03571,132.9311,7.89576,-53.38821,2.88187,16.72963,3.44097,0.1325,0.59948,0.21803,0.9991,2.34665,0.06565,1.78723,0.30579,0.16603,0.02841,1.51038,0.30939,0.54932,0.11253,33.90256,24.56894,4.49209,3.25538
TIC 250203533,5733,0.37458,0.00012,80.94147,0.1573,0.16683,0.00061,0.43832,0.00901,1.02768,0.00158,0.69428,0.07259,169.86387,2.24566,-172.97043,3.29085,26.10085,1.83911,0.23276,0.55607,0.25865,0.9995,2.60691,0.06858,1.56846,0.18324,0.26167,0.03057,1.33461,0.07743,0.62078,0.03601,1.09131,0.86937,0.25401,0.20235
TIC 255682622,6103,0.32159,0.00018,77.94336,1.06783,0.0816,0.00315,0.67447,0.07542,1.07979,0.00612,0.93701,0.02964,106.36774,4.50672,-291.93802,2.44121,25.37954,6.5837,0.15215,0.61279,0.2152,0.9931,2.30527,0.06563,1.03634,0.19187,0.08457,0.01566,1.69594,0.11485,0.59558,0.04033,3.09469,1.31803,0.47086,0.20054
TIC 256797617,4934,0.25073,5e-05,88.72113,0.99722,0.30253,0.00806,0.32878,0.04623,1.03287,0.01096,0.6503,0.04927,10.74621,5.58816,-1.70613,1.81872,45.23594,5.60923,0.38823,0.50543,0.30135,0.9939,1.90078,0.06037,1.76719,0.81066,0.53463,0.24525,0.87523,0.11086,0.52183,0.06609,0.31737,0.24642,0.12321,0.09567
TIC 257525627,6563,0.45664,0.00011,79.307,0.35558,0.19651,0.00173,0.59895,0.01998,1.00738,0.00293,0.83884,0.13454,27.31805,32.04803,-38.59579,152.79172,4.75551,4.68922,0.25574,0.5514,0.28035,0.9878,3.07287,0.07518,1.03596,0.27882,0.20358,0.05479,1.46774,0.15019,0.74625,0.07636,6.01864,3.6231,1.53921,0.92657
TIC 14545690,5883,0.28008,5e-05,70.96418,0.48451,0.0801,0.00397,0.40666,0.05789,1.10578,0.014,0.82245,0.02761,77.78307,4.37905,-353.60104,0.87568,17.25068,1.4426,0.15468,0.60719,0.20516,0.9858,2.06904,0.06222,0.67299,0.50951,0.05391,0.04081,1.38936,0.11578,0.46944,0.03912,0.79306,0.8905,0.12267,0.13774
TIC 146520491,6484,0.44865,0.00011,75.15694,0.14091,0.13501,0.00133,0.32988,0.01582,1.00108,0.00293,0.69119,0.07606,118.20773,12.44302,-317.66657,7.61877,7.59219,1.80962,0.17369,0.56763,0.23787,0.9968,3.02635,0.07446,2.80126,0.98241,0.3782,0.13264,1.35954,0.17786,0.56972,0.07453,13.17529,6.16067,2.28842,1.07005
TIC 151233402,6604,0.80832,0.00025,80.32004,0.19717,0.29642,0.00201,0.54311,0.01841,0.97298,0.00516,0.92011,0.03776,87.10945,14.83265,-177.50711,3.65434,20.6558,4.09496,0.32408,0.51954,0.31359,0.9866,5.07371,0.10895,2.36426,0.31708,0.70082,0.09399,2.57654,0.12534,1.55518,0.07565,7.78793,2.54511,2.52391,0.82482
TIC 156379866,6977,0.40684,0.00012,76.96742,0.40566,0.14267,0.00269,0.54342,0.03211,0.998,0.00416,0.93348,0.07365,7.98705,14.25301,-277.87955,90.17704,14.21212,14.57456,0.18718,0.57139,0.25133,0.982,2.79014,0.07141,0.8767,0.27431,0.12508,0.03914,1.31442,0.24104,0.57816,0.10602,21.44117,12.65042,4.01336,2.36791
TIC 157175641,6138,0.37018,0.00021,83.57512,0.08477,0.31864,0.00068,0.2181,0.00772,1.02745,0.00112,0.86236,0.02687,30.81107,15.25906,-177.83305,2.60731,18.37076,4.26996,0.39586,0.49486,0.29862,0.9992,2.58081,0.06823,0.89988,0.15764,0.28674,0.05023,1.38841,0.13124,0.83783,0.0792,5.48679,4.04864,2.172,1.60269
TIC 159102550,6974,0.48823,9e-05,78.5574,0.3335,0.2204,0.00278,0.14287,0.0174,0.95635,0.0074,0.8051,0.06607,72.64296,17.58978,-338.6344,9.09068,9.87154,1.1661,0.22469,0.52147,0.26508,0.9996,3.25245,0.0772,2.45593,1.12546,0.54129,0.24805,1.44748,0.18028,0.7358,0.09164,3.17364,2.35616,0.71309,0.52941
TIC 164720673,6294,0.36611,0.0001,77.22363,1.19697,0.12071,0.00372,0.5648,0.11042,1.04586,0.00652,0.92754,0.04082,148.13214,80.2627,-290.35977,96.72841,29.07891,9.80184,0.18868,0.58371,0.23946,0.9891,2.55783,0.06779,1.24192,0.4052,0.14991,0.04891,1.75348,0.17024,0.71934,0.06984,1.27278,1.73339,0.24015,0.32706
TIC 170676440,6907,0.63441,0.00012,85.53269,3.36881,0.22929,0.00773,0.28859,0.19957,0.86965,0.03839,0.79635,0.10765,61.13107,21.33448,-311.26632,60.82149,23.57634,11.97237,0.16656,0.52517,0.27606,0.9981,4.08315,0.09151,1.55641,0.5699,0.35687,0.13067,2.073,0.17769,1.08969,0.09341,3.17725,2.20051,0.5292,0.36652
TIC 17563811,6277,0.36101,0.00018,82.22389,0.90444,0.09941,0.00185,0.63754,0.0551,1.03672,0.00889,0.81423,0.11651,29.02228,67.7615,-112.94729,112.06976,12.44088,8.8693,0.15714,0.59902,0.22795,0.988,2.52926,0.06826,2.49956,0.4637,0.24848,0.0461,1.5538,0.07783,0.59128,0.02962,2.90376,0.91581,0.4563,0.14391
TIC 177258700,7146,0.68813,0.00013,82.49063,0.2722,0.25335,0.00122,0.4698,0.01832,0.96162,0.00338,0.89151,0.03092,151.05518,23.24059,-202.52414,4.03355,33.35093,11.44295,0.27304,0.52677,0.29486,0.9882,4.39015,0.09764,2.02745,0.28589,0.51365,0.07243,2.35498,0.13785,1.3182,0.07716,10.6466,2.84613,2.90695,0.77711
TIC 193819456,5938,0.35009,8e-05,76.61423,0.3124,0.14731,0.00178,0.41878,0.02609,1.01257,0.00277,0.82806,0.09687,133.85416,17.82046,-316.669,6.81008,15.86944,5.36873,0.19857,0.56442,0.24817,0.9874,2.46808,0.06672,1.68215,0.56764,0.2478,0.08362,1.67331,0.12066,0.73574,0.05305,2.75199,0.94359,0.54646,0.18737
TIC 193823999,6591,0.36979,0.00012,85.60922,1.04073,0.22347,0.00194,0.275,0.02199,1.02322,0.0028,0.7079,0.09625,116.17539,21.96123,-88.65684,6.10533,9.73304,2.58468,0.28624,0.52655,0.27327,0.9976,2.57948,0.06856,3.14512,0.63767,0.70284,0.1425,1.73306,0.22227,0.89942,0.11536,0.74624,0.98335,0.2136,0.28148
TIC 458490358,6529,0.38081,0.00015,79.20255,0.37109,0.17814,0.00249,0.49519,0.02712,1.0198,0.0071,0.8898,0.06671,160.96261,18.23766,-322.55583,9.06303,42.50257,5.80883,0.24103,0.55369,0.26668,0.9938,2.64145,0.06934,3.21302,1.04081,0.57237,0.18541,1.03048,0.29151,0.49632,0.1404,12.19616,6.99759,2.93964,1.68663
TIC 47751440,6692,0.79804,0.00012,84.07804,3.90747,0.11197,0.0073,0.20144,0.13484,0.85655,0.01966,0.86066,0.04818,29.21663,40.28569,-342.48033,171.08036,32.46187,2.17658,0.08688,0.57749,0.21986,0.9948,5.01607,0.10851,3.33517,0.46379,0.37344,0.05193,2.62789,0.37312,1.00048,0.14205,24.59488,8.09266,2.1368,0.70309
TIC 49214115,6904,0.9009,0.00016,79.81636,0.4481,0.16355,0.00225,0.65875,0.03698,1.00471,0.00316,0.92629,0.05307,50.53351,35.51989,-281.10193,9.77994,15.84072,5.44846,0.21824,0.56658,0.26791,0.9891,5.59929,0.11773,3.27732,0.61552,0.53601,0.10067,3.10007,0.15468,1.46588,0.07314,5.32045,4.2481,1.16113,0.9271
TIC 53603189,6415,0.41863,0.00028,83.31626,0.30133,0.14225,0.0008,0.66363,0.01304,1.02886,0.00174,0.60815,0.08169,87.20506,7.83192,-75.4407,2.95075,5.66681,1.07469,0.20993,0.57614,0.25664,0.9988,2.85742,0.07263,2.15759,0.60982,0.30692,0.08675,1.67211,0.12399,0.74484,0.05523,3.58684,0.97485,0.75299,0.20465
TIC 55007847,7596,0.61176,0.00069,77.12542,0.46452,0.0856,0.00111,0.4426,0.0414,0.94422,0.00621,0.78815,0.06589,13.9302,4.79542,-208.03063,4.27657,17.95087,4.49041,0.10136,0.60359,0.21066,0.9987,3.95525,0.0893,2.5779,0.33334,0.22067,0.02853,2.90898,0.41097,1.01527,0.14343,57.15358,41.58187,5.79309,4.21474
TIC 55753802,6610,0.41547,0.00024,78.9768,0.45521,0.19773,0.00437,0.50955,0.04193,1.00588,0.00741,0.95793,0.05356,126.86213,64.12458,-322.84073,7.929,32.44164,5.42984,0.25264,0.54681,0.27602,0.9997,2.83732,0.07212,1.20361,0.29295,0.23799,0.05793,2.05144,0.22679,1.03553,0.11448,1.53257,1.5342,0.38719,0.3876
TIC 56001210,6177,0.37885,8e-05,85.25913,0.7933,0.22693,0.00238,0.27061,0.02204,1.02628,0.00276,0.92753,0.05839,18.81948,15.28194,-265.67383,13.04373,22.98912,9.53937,0.29349,0.52512,0.27424,0.9995,2.63126,0.06849,0.81712,0.18836,0.18543,0.04275,1.53538,0.16435,0.80184,0.08583,5.4287,2.14566,1.59327,0.62973
TIC 5674169,5874,0.31813,0.00011,84.75729,0.77147,0.19868,0.00272,0.47317,0.03089,1.02956,0.00296,0.78431,0.09746,123.67787,23.84774,-63.66483,6.86235,13.41016,5.57115,0.27344,0.54479,0.27446,0.9819,2.28596,0.06458,2.65143,1.0148,0.52679,0.20162,1.50192,0.17272,0.75665,0.08701,0.81538,0.80392,0.22296,0.21982
TIC 57297550,7038,0.38217,0.00022,81.82466,11.44067,0.06889,0.11371,0.93087,0.22719,1.02327,0.08569,0.86055,0.0494,130.13612,33.27565,-179.86061,2.90911,19.59396,2.64229,0.11605,0.62941,0.21196,0.9969,2.64903,0.06902,2.43286,0.66954,0.1676,0.04612,1.31793,0.23254,0.44383,0.07831,1.52456,1.99813,0.17692,0.23188
TIC 627436,7664,0.57877,0.00012,83.87242,0.52108,0.25008,0.00202,0.56343,0.02569,0.976,0.00593,0.86244,0.06585,39.58124,16.53754,-220.67241,7.41393,17.51126,4.76287,0.28768,0.53274,0.29945,0.9988,3.76621,0.08582,4.67176,2.30089,1.16831,0.57541,2.52859,0.28809,1.4213,0.16193,69.57969,31.7823,20.01668,9.14313
TIC 63307143,7148,0.64526,0.00017,78.18467,0.22954,0.15366,0.00091,0.27786,0.0161,0.97069,0.00329,0.84675,0.05312,19.61891,5.67159,-140.31847,2.61864,19.80909,3.92816,0.17585,0.55594,0.24496,0.9822,4.14473,0.09197,3.46233,0.82353,0.53202,0.12654,2.28323,0.19876,1.00604,0.08758,12.30419,5.2074,2.16369,0.91572
TIC 63597006,6613,0.70076,0.00079,77.55781,0.14215,0.14155,0.00058,0.14487,0.00867,0.96652,0.00151,0.95352,0.02148,89.42499,17.81428,-117.18856,3.62144,11.55927,3.42121,0.15675,0.5575,0.23335,0.9981,4.46179,0.09801,2.41974,0.24671,0.34251,0.03492,2.07705,0.31133,0.86938,0.13031,4.66428,2.67114,0.73113,0.4187
TIC 66473439,6694,0.48656,0.00012,75.10925,0.13301,0.0913,0.00183,0.18392,0.02879,0.93002,0.00682,0.79496,0.07251,74.04812,6.50814,-321.33627,4.76494,9.87003,1.41541,0.09574,0.59219,0.20615,0.9893,3.2435,0.07811,2.16202,0.26363,0.19739,0.02407,2.15579,0.28462,0.75046,0.09908,16.3454,6.68469,1.56491,0.63999
TIC 671564,5607,0.38573,0.00018,81.63704,0.44327,0.16031,0.0025,0.66816,0.03098,1.0548,0.00641,0.85951,0.05997,164.8467,5.92571,-98.89298,90.24178,39.33092,17.51388,0.25651,0.56832,0.26671,0.9949,2.66902,0.06928,1.06936,0.27727,0.17143,0.04445,1.30759,0.16678,0.61365,0.07827,2.32476,0.79087,0.59633,0.20286
TIC 69838619,6984,0.38346,7e-05,82.72547,1.64592,0.10592,0.00415,0.80218,0.09723,1.00949,0.00863,0.91496,0.09686,24.90822,79.06721,-171.14681,83.03775,16.36617,15.7841,0.15677,0.60001,0.23926,0.998,2.65658,0.06878,2.09978,0.40263,0.22241,0.04265,1.8499,0.22473,0.73767,0.08961,7.48773,4.19198,1.17385,0.65718
TIC 76305215,6469,0.40159,0.00013,85.11644,0.36903,0.26514,0.00311,0.14348,0.00955,0.98859,0.00375,0.73259,0.09804,177.51619,4.00674,-54.42125,111.3321,20.19852,9.59902,0.29263,0.50607,0.27928,0.9874,2.75961,0.07172,1.35001,0.55235,0.35794,0.14645,1.85369,0.3488,1.02298,0.19249,16.50909,14.83399,4.83106,4.34087
TIC 77178193,6787,0.82929,0.00014,78.77008,10.30108,0.07488,0.07646,0.47487,0.08779,1.00003,0.05263,0.73302,0.08726,28.12939,16.3114,-353.50117,36.45857,9.18316,5.92155,0.10739,0.61337,0.20298,0.9957,5.19301,0.11065,3.77672,0.73098,0.2828,0.05474,2.90181,0.28691,0.96028,0.09495,4.57708,4.69584,0.49153,0.50429
TIC 87751538,7165,0.9148,0.00016,73.48361,0.60668,0.10582,0.00209,0.53322,0.02471,0.95588,0.01558,0.76695,0.0576,158.04042,42.48153,-265.97914,4.20885,36.39769,10.31151,0.12503,0.59169,0.22852,0.9782,5.67991,0.11921,4.25132,0.52991,0.44987,0.05608,2.80045,0.33673,1.08158,0.13005,14.2457,8.9569,1.78114,1.11988
TIC 89428764,6541,0.3765,0.0001,76.43918,0.25727,0.13559,0.0014,0.31849,0.02235,0.99479,0.00219,0.82108,0.12276,161.9674,17.23556,-22.45862,102.11301,6.96758,7.2108,0.17064,0.56692,0.23769,0.9994,2.61739,0.06895,2.1252,0.5656,0.28816,0.07669,0.83586,0.31201,0.35045,0.13082,1.33657,1.93948,0.22807,0.33095
TIC 8989778,8165,0.61243,0.00037,75.15853,2.10505,0.17818,0.02954,0.38609,0.03159,0.95786,0.00679,0.89923,0.06699,128.33556,35.23031,-245.38486,111.87959,25.37719,5.06485,0.19267,0.54902,0.26124,0.988,3.95877,0.08819,2.16356,0.25048,0.3855,0.04463,1.52524,0.48084,0.72575,0.2288,52.39177,30.88828,10.09432,5.95124
TIC 93053299,5954,0.41125,0.0001,76.7059,0.49377,0.12639,0.00219,0.52455,0.0421,1.01952,0.00308,0.81654,0.13793,101.73177,59.78654,-81.7312,60.91189,5.2027,4.20154,0.18075,0.57917,0.24123,0.997,2.81596,0.07229,2.27443,0.45212,0.28746,0.05714,1.50932,0.11999,0.62865,0.04998,5.63669,1.74013,1.01883,0.31453
TIC 97328396,5935,0.4852,0.00012,86.34404,0.46941,0.29085,0.00184,0.50235,0.01021,1.01575,0.00183,0.8383,0.06084,42.04931,17.82908,-298.16003,6.99628,12.03159,3.16058,0.36415,0.51849,0.30915,0.9932,3.23616,0.07766,1.67485,0.58984,0.48713,0.17155,1.81073,0.1021,1.07965,0.06088,8.54393,3.89913,3.11127,1.41987
