name,T1,Period,Perioderror,incl,inclerror,q,qerror,f,ferror,t2t1,t2t1error,relteff,reltefferror,colat,colaterror,long,longerror,radius,radiuserror,r1,r2,R^2,sma,smaerror,M1,M1error,M2,M2error,R1,R1error,R2,R2error,L1,L1error,L2,L2error
TIC 103656297,5886,0.28778,0.00011,75.09613,0.23602,0.06983,0.00197,0.17836,0.04131,1.04108,0.00984,0.65893,0.06937,77.63941,10.37733,-326.18353,4.63696,11.81571,1.69432,0.6113,0.18984,0.9919,2.13903,0.0548,1.45632,0.10799,0.1017,0.00754,1.33713,0.01819,0.41525,0.00565,1.97573,0.01697,0.21593,0.00101
TIC 10393493,6150,0.36034,0.00011,81.43011,0.55819,0.26643,0.00344,0.30824,0.02676,1.03059,0.00412,0.86218,0.12323,138.27896,40.55299,-273.69314,134.34433,10.13563,8.58542,0.51431,0.28939,0.9323,2.53786,0.06648,1.50418,0.07859,0.40076,0.02094,1.33291,0.03244,0.75,0.01826,2.43933,0.09631,0.9147,0.01639
TIC 114500611,7168,0.48883,0.00013,84.80563,0.42848,0.15219,0.00118,0.27905,0.01599,0.89846,0.00213,0.62222,0.02597,120.13808,16.94126,-39.53954,5.04879,8.29003,2.10797,0.55673,0.24432,0.9973,3.25145,0.06502,2.12157,0.20801,0.32288,0.03166,1.77076,0.01639,0.77709,0.00719,7.20842,0.07139,0.88323,0.02166
TIC 11480757,7002,0.40438,9.00E-05,75.10164,0.12312,0.10424,0.0019,0.32936,0.03405,1.00693,0.00833,0.71067,0.11681,149.87597,32.39859,-202.92293,44.93116,6.67258,5.93785,0.58661,0.21985,0.9921,2.75615,0.03643,1.5204,0.04702,0.15849,0.0049,1.62894,0.0062,0.6105,0.00232,5.69239,0.0173,0.81389,0.00471
TIC 115105140,6168,0.41065,8.00E-05,76.75739,0.73811,0.16396,0.0075,0.2553,0.06139,1.00871,0.00331,0.85629,0.0441,87.30704,54.77716,-62.48232,125.40835,10.44079,6.81506,0.55006,0.24868,0.9978,2.79444,0.07153,1.55907,0.13925,0.25563,0.02283,1.48437,0.01099,0.67108,0.00497,2.95765,0.07935,0.57421,0.01067
TIC 115906237,5812,0.34453,0.00018,80.06349,0.48186,0.12939,0.00177,0.36811,0.03001,1.02317,0.00293,0.79176,0.11798,148.48858,17.68581,-64.98851,9.85236,15.69069,5.65947,0.57211,0.23641,0.9812,2.45636,0.05684,1.53548,0.06422,0.19868,0.00831,1.38674,0.0145,0.57304,0.00599,1.84523,0.02949,0.35294,0.0098
TIC 116163356,6459,1.18189,0.00016,86.55794,1.38547,0.15121,0.00663,0.21889,0.06685,0.94294,0.01584,0.80797,0.06301,132.96613,7.54477,-359.20376,7.68809,27.02899,3.53115,0.55498,0.24118,0.9981,7.04071,0.14499,2.76619,0.21727,0.41828,0.03285,3.94315,0.03544,1.71359,0.0154,22.96373,0.33454,3.64492,0.03614
TIC 123038007,7136,0.42266,9.00E-05,84.8714,1.63291,0.149,0.0024,0.64524,0.04804,1.00089,0.00371,0.87159,0.12862,142.97635,50.73345,-287.74486,110.41285,6.01339,6.63108,0.57231,0.25954,0.9964,2.88892,0.03698,1.54185,0.02949,0.22974,0.00439,1.59416,0.03162,0.72294,0.01434,5.86794,0.03942,1.10808,0.06491
TIC 13070701,7211,0.41417,0.00017,77.76838,0.35283,0.10369,0.00111,0.41941,0.03201,1.00017,0.00293,0.79245,0.12424,19.73917,27.28811,-211.40324,139.42138,2.85764,3.3631,0.58966,0.22281,0.9951,2.82168,0.08796,1.50129,0.04003,0.15567,0.00415,1.55551,0.0386,0.58777,0.01458,4.96802,0.21331,0.9712,0.0522
TIC 138256097,6547,0.46385,0.00035,78.6992,0.36965,0.23247,0.00331,0.30487,0.02398,0.9986,0.00366,0.92297,0.0669,23.30643,33.04794,-75.04088,67.86426,9.75525,9.09523,0.52488,0.27807,0.9992,3.15331,0.07446,1.42579,0.04248,0.33145,0.00988,1.73007,0.03859,0.91655,0.02044,5.33699,0.25521,1.3647,0.02301
TIC 140757590,6189,0.41844,0.00029,83.20914,0.82533,0.1824,0.00354,0.60085,0.03551,1.00628,0.00543,0.78449,0.12267,65.56701,78.71284,-48.80383,138.85984,9.98733,9.45763,0.55664,0.2741,0.9929,2.86029,0.05745,1.62357,0.04151,0.29614,0.00757,1.62006,0.03673,0.79775,0.01808,3.2079,0.06204,0.92723,0.03928
TIC 141871560,7092,0.63001,0.00018,82.36809,0.44254,0.16839,0.00129,0.6137,0.02586,0.9921,0.00577,0.90999,0.04927,45.94111,59.75348,-220.93087,14.96041,19.50701,6.33923,0.56271,0.26807,0.9909,4.03592,0.14447,1.83075,0.20656,0.30828,0.03478,2.35593,0.07836,1.12234,0.03733,11.96634,0.71861,2.5279,0.06578
TIC 142587827,6721,0.43929,9.00E-05,83.92888,0.67346,0.15642,0.00089,0.5036,0.0179,0.99824,0.00305,0.73307,0.19739,91.98762,15.11347,-192.81541,72.03128,2.76892,12.7307,0.56336,0.2567,0.9991,3.04467,0.05873,1.72081,0.08572,0.26917,0.01341,1.73976,0.01582,0.79274,0.00721,5.3899,0.12813,1.10191,0.00825
TIC 142625736,6277,0.45549,0.00011,89.11663,0.63573,0.26155,0.0045,0.44849,0.01796,1.00534,0.00329,0.90461,0.1005,166.95947,81.50145,-92.09352,148.45508,27.02159,20.9849,0.52327,0.29632,0.9872,3.05459,0.08814,1.60345,0.07309,0.41938,0.01912,1.56518,0.03816,0.88634,0.02161,3.07408,0.15625,1.06403,0.04156
TIC 143058907,7323,0.60079,0.00013,81.90503,1.24886,0.08056,0.00216,0.44569,0.08538,0.93964,0.00217,0.69772,0.10132,157.2177,35.74027,-171.67283,16.04885,6.88296,4.98681,0.60778,0.20678,0.9956,3.88233,0.12489,1.61397,0.16801,0.13002,0.01354,2.53016,0.04848,0.86081,0.0165,15.84285,0.24057,1.34184,0.02082
TIC 428257299,4960,0.63842,0.00031,84.18376,3.40891,0.11678,0.00557,0.25753,0.10883,0.8432,0.02083,0.73611,0.0701,159.6695,15.13587,-335.60752,170.06487,36.14688,16.04725,0.57607,0.22482,0.9948,4.16666,0.10117,2.27387,0.05666,0.26554,0.00662,2.43905,0.05399,0.95188,0.02107,3.50197,0.30223,0.27115,0.01574
TIC 432128410,5734,1.16556,0.00016,80.0622,0.98563,0.15734,0.00873,0.19842,0.28613,0.90941,0.05825,0.81327,0.1032,31.0865,16.39996,-349.9201,58.9969,26.72454,3.74148,0.55109,0.24309,0.9937,7.03067,0.14918,2.88073,0.04087,0.45325,0.00643,3.80216,0.05375,1.67716,0.02371,13.88477,0.33135,1.79101,0.01629
TIC 434097226,5908,0.44564,0.00028,83.35494,5.91953,0.24811,0.05357,0.21532,0.15324,0.95284,0.01762,0.62335,0.03842,37.07888,19.35309,-306.4343,93.80099,16.43742,3.86132,0.51522,0.2782,0.9975,3.04159,0.06705,1.51847,0.03422,0.37675,0.00849,1.63776,0.02666,0.88433,0.01439,2.91428,0.02948,0.62652,0.03707
TIC 434508647,7034,0.7466,0.00027,79.24844,2.49288,0.26364,0.05704,0.08968,0.14318,0.87046,0.02417,0.7218,0.07394,147.59983,29.45117,-338.5311,6.60918,34.78064,9.19246,0.5038,0.27573,0.9967,4.75497,0.05686,1.98636,0.1012,0.52368,0.02668,2.3487,0.02067,1.28545,0.01131,11.79281,0.25871,1.99439,0.03023
TIC 436660156,5316,0.4149,9.00E-05,76.98712,0.44139,0.20987,0.00327,0.39246,0.02968,1.01838,0.00303,0.88259,0.13264,95.35314,66.02045,-205.2737,90.35161,4.32888,5.37524,0.53697,0.27461,0.9981,2.89096,0.13613,1.48937,0.11191,0.31257,0.02349,1.59778,0.05779,0.81712,0.02956,1.60751,0.0885,0.62148,0.03607
TIC 43712632,6137,0.92543,0.00019,86.41375,1.65695,0.25291,0.01193,0.10647,0.03181,0.9034,0.01355,0.80327,0.05119,52.9687,8.84086,-349.61446,1.69909,30.32099,3.37162,0.50818,0.27351,0.9981,5.72156,0.10916,2.12789,0.03133,0.53816,0.00792,2.92826,0.06843,1.57603,0.03683,10.25773,0.18305,2.07238,0.07552
TIC 43864479,6097,0.59475,0.00015,82.33806,0.39228,0.17623,0.00144,0.47908,0.02086,1.00314,0.00289,0.87212,0.11348,89.14694,65.10773,-162.64346,69.79195,4.22012,4.24987,0.55378,0.265,0.9977,3.92045,0.06808,1.80334,0.08724,0.3178,0.01537,2.19985,0.03256,1.05269,0.01558,6.0691,0.0453,1.33471,0.02693
TIC 439596199,5810,0.49332,8.00E-05,75.03731,0.05354,0.10811,0.00123,0.10824,0.02246,0.91717,0.00458,0.6436,0.04237,135.67727,42.71575,-181.35465,126.1892,3.02122,2.80035,0.57737,0.21412,0.9958,3.30665,0.04232,1.89349,0.01242,0.2047,0.00134,1.91119,0.01949,0.70877,0.00723,3.72183,0.05595,0.34343,0.00911
TIC 441200647,5889,1.1532,0.00277,83.43657,0.73435,0.10754,0.00827,0.35819,0.03633,0.99291,0.02093,0.7295,0.08431,26.86901,66.05375,-0.27753,98.1478,13.86645,3.26305,0.58523,0.22304,0.9984,7.09555,0.10537,3.05736,0.11683,0.32879,0.01256,4.05236,0.05646,1.54442,0.02152,17.60122,0.12334,2.36948,0.06526
TIC 445829772,5807,0.41031,7.00E-05,87.84692,1.40182,0.26685,0.00886,0.25275,0.03098,1.02207,0.01399,0.92481,0.10059,46.71088,50.1073,-353.69686,178.30198,26.0863,7.52944,0.51124,0.28621,0.9962,2.8007,0.08009,1.31267,0.06234,0.35029,0.01663,1.45923,0.05342,0.81693,0.02991,1.97296,0.07947,0.66371,0.03916
TIC 450637853,7039,0.49694,0.00013,79.45537,4.19719,0.15364,0.00696,0.12899,0.1579,0.933,0.03921,0.72446,0.08751,145.07332,49.75728,-31.43109,170.26654,20.82074,5.01415,0.55039,0.23831,0.9757,3.31265,0.05556,1.70761,0.07428,0.26236,0.01141,1.76227,0.04788,0.76304,0.02073,6.87881,0.13317,0.98031,0.07053
TIC 452819172,7403,0.41218,7.00E-05,75.02738,0.03129,0.14262,0.00137,0.10756,0.01703,0.95382,0.00277,0.68161,0.06708,170.53192,13.62831,-173.92078,59.15328,3.96792,3.57557,0.55558,0.23228,0.9939,2.78652,0.05225,1.51299,0.06062,0.21578,0.00865,1.52562,0.02305,0.63784,0.00964,6.22106,0.10766,0.83174,0.02215
TIC 453097744,5684,1.05639,0.00018,77.60557,1.59291,0.19399,0.00713,0.13289,0.09947,0.92414,0.01356,0.94227,0.03109,94.12156,10.09258,-354.1283,38.19784,27.91658,4.41171,0.53157,0.2551,0.9738,6.4113,0.12565,2.63719,0.08527,0.51159,0.01654,3.41094,0.10159,1.63691,0.04875,10.1328,0.55665,1.93531,0.05376
TIC 392536812,6612,0.5907,0.0004,75.20165,0.49421,0.08535,0.0018,0.54161,0.06166,1.02104,0.00947,0.88548,0.09562,65.52598,29.13826,-154.94851,14.20467,8.76389,3.54785,0.60639,0.21379,0.9986,3.89492,0.07584,2.0258,0.04823,0.1729,0.00412,2.29873,0.06544,0.81044,0.02307,9.23347,0.22388,1.05634,0.03928
TIC 393943031,6425,0.44987,0.0001,80.49719,0.25681,0.15173,0.00154,0.41683,0.01667,1.00159,0.00205,0.78227,0.15239,175.00525,12.1558,-150.0858,68.61174,20.38385,13.05704,0.56218,0.25032,0.9989,3.01489,0.09001,1.56123,0.11977,0.23689,0.01817,1.67935,0.02277,0.74776,0.01014,4.39858,0.08193,0.80861,0.04425
TIC 398336271,6010,0.53651,9.00E-05,81.36299,1.24561,0.12202,0.00305,0.29773,0.06192,0.9909,0.01358,0.77958,0.1374,137.76707,43.17311,-173.78401,64.40429,8.31464,7.44188,0.57408,0.22941,0.9949,3.47473,0.05811,1.95851,0.16036,0.23898,0.01957,1.92255,0.02351,0.76828,0.0094,4.30787,0.04772,0.66077,0.00941
TIC 399577123,5452,0.31192,0.0001,82.14392,1.92176,0.14668,0.02406,0.52853,0.04321,1.04809,0.00969,0.85168,0.06263,114.30257,15.1493,-75.86049,7.11312,17.26415,2.26501,0.56888,0.25282,0.9985,2.22036,0.0215,1.32666,0.03094,0.19459,0.00454,1.25678,0.00956,0.55854,0.00425,1.24428,0.0126,0.28174,0.00694
TIC 400360028,6069,0.97312,0.00015,80.99033,0.88798,0.06953,0.0046,0.54346,0.0585,1.00076,0.02869,0.72316,0.11333,33.92717,29.64534,-2.15719,76.61755,11.02752,4.01872,0.61982,0.20031,0.9907,5.97157,0.07598,2.61977,0.06476,0.18215,0.0045,3.76773,0.0262,1.21763,0.00847,17.10821,0.18113,1.80327,0.00701
TIC 401925979,6928,0.47997,0.00028,79.81872,0.5689,0.16681,0.00249,0.12173,0.01606,0.93666,0.00476,0.95136,0.04754,135.53093,18.37243,-1.60819,1.33025,31.92311,4.71142,0.54346,0.24373,0.9898,3.21719,0.05356,1.93409,0.10751,0.32262,0.01793,1.85151,0.02513,0.83036,0.01127,7.42926,0.07635,1.14631,0.01223
TIC 401928563,5852,0.36258,7.00E-05,84.16075,3.15394,0.11791,0.00677,0.65124,0.0706,1.06006,0.02584,0.79039,0.09509,155.38196,20.84491,-314.40386,19.54286,32.20578,7.53104,0.58819,0.24128,0.9944,2.57397,0.06461,1.67991,0.076,0.19808,0.00896,1.52314,0.02162,0.6248,0.00887,2.36149,0.04355,0.51775,0.01041
TIC 402795415,6515,0.91012,0.00015,83.87175,9.06252,0.16037,0.08378,0.26734,0.20043,0.97664,0.04109,0.74692,0.13799,50.36098,16.50362,-356.65569,11.49173,14.69365,3.66134,0.55224,0.24761,0.9965,5.66911,0.08682,2.7651,0.10055,0.44344,0.01613,3.10609,0.04875,1.39269,0.02186,16.80064,0.26216,2.75115,0.09345
TIC 406781370,6854,0.89595,0.00107,79.64872,0.51719,0.15022,0.00257,0.23004,0.0295,0.94946,0.00639,0.93119,0.02905,149.56226,11.16007,-358.76517,1.80332,43.86108,5.72022,0.55591,0.2412,0.9959,5.63608,0.0609,2.57106,0.06816,0.38622,0.01024,3.07403,0.05692,1.33377,0.0247,18.67178,0.5265,2.6284,0.14029
TIC 411451519,7035,0.60561,0.00012,80.90305,0.20699,0.21779,0.00024,0.28931,0.00314,0.98229,0.00156,0.93838,0.01914,161.57279,10.74943,-267.76752,3.35527,38.42987,11.52845,0.52926,0.27201,0.9984,3.8602,0.06396,1.52435,0.03221,0.33199,0.00701,2.05487,0.02736,1.05609,0.01406,9.13905,0.12039,2.44753,0.08369
TIC 411704509,5316,0.75451,0.00012,84.0242,3.59365,0.18654,0.00468,0.20761,0.14827,0.85724,0.00642,0.93484,0.0187,126.28818,15.08144,-292.23517,63.02837,40.1643,13.37147,0.53792,0.25592,0.9951,4.76339,0.09226,2.19457,0.17689,0.40937,0.033,2.60687,0.04024,1.24024,0.01915,5.23274,0.082,0.5805,0.0224
TIC 415969184,6759,0.94815,0.00014,81.8482,0.79396,0.13437,0.00313,0.24798,0.16828,0.95831,0.00916,0.8448,0.04679,61.19883,15.27553,-359.33379,66.67025,16.32284,4.08883,0.56515,0.23409,0.9989,5.85742,0.09827,2.94014,0.10819,0.39507,0.01454,3.2967,0.04467,1.36552,0.0185,19.29459,0.22743,2.87677,0.13423
TIC 417052182,5899,0.31332,7.00E-05,84.87238,2.65727,0.1177,0.00437,0.48377,0.07089,0.99402,0.01515,0.77817,0.0909,147.96528,28.65865,-318.76805,148.68678,13.20151,10.17995,0.58277,0.23428,0.9961,2.23464,0.06529,1.54717,0.07961,0.1821,0.00937,1.30174,0.02522,0.52331,0.01014,1.65722,0.05252,0.31082,0.01567
TIC 336561759,5362,0.33948,7.00E-05,86.54235,1.56281,0.16439,0.00512,0.50156,0.06373,1.03662,0.01261,0.93372,0.07385,126.87978,25.44292,-69.99901,147.54664,26.02588,5.86697,0.55973,0.26055,0.9986,2.3734,0.06589,1.12296,0.07291,0.1846,0.01199,1.25475,0.01878,0.58407,0.00874,1.08324,0.02561,0.28158,0.00995
TIC 339637059,6135,0.67695,0.00014,76.1746,0.66259,0.08713,0.00229,0.34423,0.06274,0.97668,0.0094,0.74546,0.09551,137.40608,19.29845,-309.77723,96.80923,10.67662,5.20053,0.59978,0.20855,0.9844,4.35516,0.06545,2.45302,0.12859,0.21373,0.0112,2.64063,0.05459,0.91818,0.01898,8.95449,0.22894,0.89225,0.04368
TIC 343409837,6101,0.35235,0.00018,83.95684,0.49842,0.1052,0.00141,0.48624,0.02384,1.02784,0.00353,0.76531,0.15529,23.66586,32.10149,-237.5771,20.92003,7.68979,8.40454,0.59066,0.22631,0.9964,2.4726,0.03535,1.46836,0.06285,0.15447,0.00661,1.42056,0.01581,0.54428,0.00606,2.44151,0.02804,0.38071,0.00492
TIC 348897766,6238,0.44213,8.00E-05,79.388,0.15201,0.21854,0.00113,0.34092,0.0102,1.01387,0.00158,0.74392,0.1216,104.96894,12.74279,-293.17244,10.18424,5.64127,1.30537,0.53144,0.27509,0.9994,2.93601,0.11455,1.34533,0.1473,0.29401,0.03219,1.66163,0.07805,0.86011,0.0404,4.16793,0.2797,1.02119,0.13126
TIC 354115226,5412,0.58313,0.00031,82.54238,0.51239,0.22929,0.00408,0.13955,0.02319,0.92706,0.00598,0.95234,0.00978,76.43821,9.1116,-9.94595,2.15591,33.24269,4.31689,0.51803,0.26789,0.9942,3.80642,0.0957,1.53759,0.12166,0.35255,0.02789,2.10599,0.03989,1.08908,0.02063,3.33947,0.10099,0.67276,0.01189
TIC 356192212,7043,0.7267,0.00012,85.99597,5.9379,0.11269,0.00245,0.40711,0.20341,0.81812,0.01532,0.87949,0.0169,59.05084,14.62075,-319.60625,164.2859,24.22594,8.40489,0.58339,0.22814,0.9955,4.5807,0.11772,1.84404,0.21363,0.20781,0.02407,2.64016,0.02314,1.03246,0.00905,14.61953,0.41681,1.04145,0.01891
TIC 359987981,5856,1.06669,0.00017,82.50615,1.07874,0.08438,0.00288,0.54969,0.08371,0.99725,0.01102,0.98492,0.02796,43.31521,13.99559,-2.18711,143.13961,31.76882,15.22436,0.60736,0.21329,0.9993,6.61013,0.1263,2.84076,0.1364,0.2397,0.01151,4.20158,0.04863,1.47549,0.01708,17.88793,0.68609,2.29791,0.05592
TIC 364325969,5679,0.42,9.00E-05,84.92724,0.544,0.27787,0.00265,0.13214,0.01435,1.01502,0.00233,0.82881,0.03751,114.45424,1.3842,-355.5392,0.82051,24.2296,2.12628,0.50153,0.28228,0.9985,2.84775,0.0901,1.51812,0.13534,0.42184,0.03761,1.49978,0.03379,0.84413,0.01902,2.50161,0.16427,0.69216,0.02301
TIC 365034219,5503,0.37785,7.00E-05,89.24875,1.084,0.21249,0.00307,0.60153,0.02467,1.06121,0.00498,0.80546,0.04921,13.96407,6.52326,-215.65113,4.04902,38.05183,8.21189,0.5461,0.28729,0.9955,2.63049,0.08987,1.19264,0.09233,0.25342,0.01962,1.44089,0.01609,0.75802,0.00847,1.66748,0.0198,0.59224,0.00775
TIC 36729364,5337,0.3275,0.00016,83.86513,0.59713,0.23414,0.00771,0.40906,0.05325,1.02057,0.00634,0.78073,0.06659,139.89895,22.34075,-66.9689,147.43308,26.16737,11.60175,0.5295,0.28456,0.9966,2.36358,0.03287,1.30706,0.04395,0.30604,0.01029,1.21081,0.0172,0.6507,0.00924,1.04678,0.01058,0.33651,0.00754
TIC 372127422,7218,0.79452,0.00116,82.15666,0.40288,0.18558,0.00178,0.57981,0.02789,0.99051,0.00863,0.82837,0.04835,20.53068,65.4638,-233.75905,5.35058,25.60043,3.86678,0.5545,0.27445,0.9962,4.96175,0.08144,2.33997,0.1054,0.43425,0.01956,2.66187,0.04078,1.31749,0.02018,17.9554,0.57919,3.80994,0.15214
TIC 377296926,6501,0.43149,8.00E-05,75.54209,0.32558,0.158,0.00559,0.70775,0.04158,1.01373,0.01019,0.94578,0.06888,22.40231,16.70456,-342.28426,40.46184,16.45586,7.73728,0.57092,0.26748,0.9992,2.88083,0.05707,1.47499,0.0757,0.23305,0.01196,1.66372,0.02068,0.77946,0.00969,4.8474,0.16396,1.03208,0.00962
TIC 380670111,6306,0.28718,0.00012,78.61217,0.81387,0.10764,0.00308,0.30767,0.05103,1.03504,0.01296,0.98306,0.01539,112.52241,60.00828,-345.11345,149.24898,38.0268,18.64727,0.58364,0.22121,0.9961,2.11563,0.084,1.79398,0.06147,0.1931,0.00662,1.21805,0.02146,0.46166,0.00813,2.14009,0.04327,0.30867,0.00833
TIC 38707340,7113,0.56364,0.00017,75.21202,0.2783,0.13674,0.00225,0.12196,0.02863,0.96971,0.00893,0.97736,0.0267,69.48242,53.19908,-173.35035,12.97547,28.22385,13.19173,0.55944,0.23004,0.9929,3.7132,0.07733,1.75978,0.05354,0.24063,0.00732,2.01135,0.02593,0.82706,0.01066,8.9187,0.23317,1.30193,0.01875
TIC 387513120,5227,0.30371,0.0001,81.39723,5.74946,0.16672,0.02496,0.41405,0.12295,1.05909,0.0038,0.89173,0.10034,125.18368,20.85977,-164.64519,92.36211,7.91704,6.44209,0.55513,0.25743,0.9991,2.21471,0.06638,1.36725,0.10387,0.22795,0.01732,1.26174,0.05254,0.58511,0.02436,1.11131,0.04808,0.30974,0.0166
TIC 387586260,6477,0.88025,0.00017,80.83706,0.44562,0.22529,0.00352,0.68463,0.02025,0.95699,0.00395,0.89729,0.02676,93.53168,46.81655,-274.42681,97.34097,21.46075,6.16224,0.54632,0.29746,0.9985,5.40513,0.1021,1.97867,0.14961,0.44578,0.03371,2.7645,0.06045,1.50521,0.03291,10.58976,0.63096,2.8946,0.04043
TIC 144376560,7135,0.43856,0.00017,87.81627,1.96803,0.08642,0.00505,0.56963,0.10368,1.0824,0.01505,0.79044,0.10483,51.11979,32.78591,-266.27869,128.12233,18.33075,3.98318,0.60631,0.21559,0.9969,2.95112,0.04495,1.5826,0.0679,0.13677,0.00587,1.79396,0.0062,0.63789,0.00221,7.34265,0.02323,1.28474,0.00545
TIC 198037139,6661,0.36013,6.00E-05,84.27375,0.95883,0.13507,0.00187,0.53061,0.03584,1.04243,0.00326,0.71935,0.11824,154.71317,19.9341,-57.71227,73.64456,9.67627,4.30088,0.57474,0.24653,0.9991,2.50442,0.06484,1.5738,0.09288,0.21257,0.01254,1.49438,0.02884,0.641,0.01237,4.05502,0.05238,0.87324,0.01041
TIC 257625332,6621,0.68078,0.00019,80.39403,0.18082,0.21728,0.00119,0.40716,0.01529,0.97546,0.00508,0.8008,0.08305,126.1975,11.89146,-174.06285,1.50596,17.30343,2.99814,0.53505,0.27825,0.9995,4.24173,0.11471,1.96827,0.05354,0.42766,0.01163,2.32311,0.02897,1.20812,0.01506,8.50357,0.21451,2.12962,0.05757
TIC 289166536,6467,0.46892,9.00E-05,84.27246,0.39099,0.24164,0.00197,0.48244,0.01539,1.01382,0.00218,0.85882,0.06259,124.81576,18.11083,-294.12513,3.81775,15.23221,4.1511,0.53092,0.29152,0.9888,3.09412,0.04649,1.52076,0.03101,0.36748,0.00749,1.6454,0.01972,0.90346,0.01083,4.1736,0.00941,1.44342,0.05457
TIC 332910986,7379,0.64297,0.00022,79.9102,0.2392,0.18127,0.00087,0.22939,0.01252,0.93276,0.0029,0.81159,0.06611,24.17021,11.10773,-195.45713,1.89289,19.83837,2.74534,0.54112,0.25486,0.9902,4.03806,0.06907,1.76198,0.11674,0.31939,0.02116,2.20709,0.02617,1.03951,0.01233,12.83554,0.3221,2.07871,0.01092
TIC 426146826,6277,0.3969,0.00027,68.61128,0.29359,0.08999,0.00195,0.14051,0.02574,1.01386,0.00353,0.77346,0.11739,153.92348,16.61335,-71.75806,141.28067,11.78522,7.53145,0.59211,0.2038,0.9959,2.73694,0.06709,1.66383,0.06768,0.14973,0.00609,1.69353,0.04021,0.5829,0.01384,3.94914,0.13518,0.47783,0.011
TIC 456797644,7019,0.81914,0.00016,82.47949,0.86198,0.19264,0.00395,0.72822,0.05712,0.99369,0.00595,0.83973,0.06513,41.81124,31.99603,-182.48527,8.75648,13.06459,3.82444,0.55881,0.28585,0.9985,5.08617,0.06973,2.07991,0.05094,0.40067,0.00981,2.71073,0.02532,1.38663,0.01295,15.60791,0.2426,4.00902,0.05734
TIC 290034099,7810,0.59182,0.00055,82.24794,0.26513,0.31908,0.00276,0.40228,0.02283,0.98035,0.00553,0.77869,0.07716,75.44518,33.26818,-243.71058,5.68472,15.9784,3.61833,0.50565,0.3108,0.9981,3.92308,0.06354,1.61692,0.06271,0.51593,0.02001,1.97464,0.00551,1.21372,0.00339,12.85907,0.03704,4.51916,0.0071
TIC 29287800,6125,0.37654,8.00E-05,80.54337,0.29902,0.25364,0.00357,0.28711,0.01344,1.03319,0.00387,0.81223,0.05522,45.51883,17.22597,-301.64783,3.40171,16.96949,3.13673,0.51709,0.28411,0.9989,2.60084,0.03179,1.43645,0.03693,0.36434,0.00937,1.38149,0.009,0.75904,0.00495,2.49164,0.02039,0.83352,0.00354
TIC 293565743,6417,0.66604,0.00014,75.05947,0.10279,0.10002,0.00172,0.21002,0.04902,0.92005,0.00831,0.91085,0.06806,95.84963,16.05629,-335.42066,176.70744,8.49911,6.41651,0.58618,0.21283,0.9953,4.30173,0.10711,2.21283,0.04773,0.22133,0.00477,2.58228,0.05535,0.93757,0.0201,10.24784,0.28829,0.90322,0.04182
TIC 294273900,6028,0.47229,0.00011,82.30962,4.07314,0.21352,0.00399,0.31492,0.06713,1.04704,0.00468,0.90071,0.04775,16.14648,32.32841,-2.38463,3.13052,25.82123,4.64109,0.53202,0.27182,0.9993,3.18966,0.08702,1.82433,0.08816,0.38953,0.01882,1.67172,0.05041,0.85412,0.02576,3.08674,0.07729,1.03233,0.03605
TIC 296657504,5769,0.44965,9.00E-05,85.25564,1.09764,0.27112,0.00295,0.18263,0.0577,1.02959,0.01139,0.8805,0.03598,154.65119,27.25117,-23.33771,23.80632,34.07722,9.00388,0.50625,0.28333,0.9997,3.02471,0.08913,1.48305,0.1204,0.40209,0.03264,1.56179,0.04332,0.87408,0.02425,2.59547,0.12906,0.79384,0.02959
TIC 29777922,7120,0.53047,0.00047,80.02979,1.44755,0.095,0.00377,0.25997,0.09088,0.91772,0.0114,0.91523,0.10324,135.24702,40.93257,-62.24547,163.52846,15.66067,9.01482,0.59135,0.21127,0.997,3.45766,0.05655,1.87,0.06115,0.17765,0.00581,1.9747,0.04318,0.70549,0.01543,9.63611,0.13895,0.77662,0.02643
TIC 29848012,5535,0.34912,8.00E-05,85.1509,0.43992,0.32492,0.00396,0.09408,0.01331,1.03595,0.00345,0.69596,0.08142,65.85986,13.43881,-22.65909,7.8093,9.56728,1.44295,0.48607,0.2923,0.9958,2.43171,0.03352,1.15345,0.04187,0.37478,0.01361,1.19168,0.02833,0.71662,0.01703,1.30029,0.02493,0.53394,0.01348
TIC 311235572,7195,0.61897,0.00012,79.64284,0.30777,0.26969,0.00338,0.6447,0.02702,0.99227,0.00701,0.93553,0.0417,141.31659,38.76931,-154.96779,5.67422,41.63386,10.92557,0.53206,0.31159,0.9993,3.94561,0.04973,1.68539,0.05351,0.45453,0.01443,2.15615,0.03875,1.2627,0.0227,11.96286,0.88437,3.82759,0.07286
TIC 314459000,6151,0.85901,0.0004,80.30878,0.1483,0.18589,0.00078,0.49432,0.02117,0.9911,0.00244,0.85779,0.04723,28.55348,12.21183,-174.80604,1.40137,20.75219,4.319,0.55058,0.27011,0.9852,5.42869,0.09324,2.4326,0.03032,0.4522,0.00564,2.92729,0.02316,1.4361,0.01136,11.04666,0.19907,2.51287,0.0244
TIC 315937374,6656,0.60626,0.00015,78.78381,0.58952,0.13551,0.00223,0.58882,0.04821,0.94143,0.00517,0.93136,0.02367,111.31485,19.47095,-290.13809,2.11093,34.17919,10.84884,0.57663,0.24935,0.998,3.87652,0.07251,1.665,0.11682,0.22562,0.01583,2.37408,0.04503,1.02662,0.01947,10.49422,0.13966,1.53562,0.05495
TIC 316250867,5006,0.68495,0.0001,77.04104,0.77635,0.19164,0.00315,0.27173,0.03795,0.9493,0.00615,0.89003,0.03955,57.0112,21.60035,-268.82315,6.41381,19.19735,2.97425,0.53853,0.26115,0.9957,4.38498,0.07023,1.99577,0.05091,0.38247,0.00976,2.34745,0.0304,1.13835,0.01474,2.94703,0.09225,0.62787,0.01546
TIC 316333039,7051,0.82532,0.00015,72.18131,0.1179,0.1163,0.00068,0.54028,0.01606,0.97844,0.00277,0.67388,0.09074,52.0697,15.15803,-191.68889,2.57482,6.01951,0.89358,0.58545,0.23568,0.9897,5.17276,0.07077,2.4652,0.03252,0.2867,0.00378,3.05094,0.0472,1.22819,0.019,21.66878,0.85064,3.35489,0.20039
TIC 316769246,5857,0.34768,8.00E-05,77.84335,0.36512,0.14338,0.00252,0.62557,0.02532,1.06195,0.00502,0.92851,0.01934,91.64216,8.27344,-315.25916,2.73894,23.72206,2.38095,0.57415,0.2555,0.998,2.42456,0.05103,1.44794,0.05816,0.20761,0.00834,1.41224,0.02275,0.62846,0.01013,2.19022,0.04615,0.53639,0.00694
TIC 317470793,5673,0.41731,0.00022,86.62177,0.85963,0.3323,0.00857,0.06298,0.0451,0.99055,0.01927,0.72985,0.07894,25.76077,15.6252,-320.72412,154.07583,25.84863,15.3748,0.48233,0.2921,0.9975,2.82224,0.02896,1.35817,0.01764,0.45132,0.00586,1.3639,0.00791,0.82598,0.00479,1.69901,0.01117,0.61454,0.00941
TIC 320506144,6229,0.39031,9.00E-05,84.83582,3.16315,0.09728,0.00552,0.55186,0.08646,1.01172,0.02681,0.78725,0.15152,175.46324,60.29249,-260.91078,42.95075,41.47023,8.54195,0.59795,0.22321,0.9979,2.64803,0.04799,1.40047,0.04824,0.13624,0.00469,1.64127,0.01924,0.61267,0.00718,3.60778,0.04266,0.51208,0.01061
TIC 323442776,6116,1.15017,0.00018,79.18529,0.11716,0.28672,0.0017,0.2825,0.00974,0.98396,0.00305,0.86249,0.06315,162.12549,5.76143,-221.29933,9.02188,32.89846,6.60241,0.50707,0.29392,0.9982,6.96777,0.13597,2.40971,0.07514,0.69091,0.02154,3.61023,0.02945,2.09265,0.01707,16.61874,0.22209,5.28277,0.05394
TIC 330453808,6087,0.42193,0.00012,80.45527,0.74204,0.1554,0.00444,0.65085,0.0291,0.99259,0.01248,0.94024,0.05874,11.18667,10.49798,-314.47971,83.51463,27.83872,7.08434,0.5697,0.26326,0.9979,2.8731,0.06702,1.74098,0.03583,0.27055,0.00557,1.61213,0.02238,0.74497,0.01034,2.96759,0.07564,0.66528,0.01956
TIC 258776281,6485,0.52164,8.00E-05,81.5465,0.50716,0.1543,0.00167,0.60014,0.03189,1.00277,0.00254,0.82286,0.15233,62.09359,64.34326,-212.73794,148.3671,3.28454,3.42143,0.56815,0.26021,0.9855,3.46627,0.03827,1.77359,0.07445,0.27366,0.01149,1.97126,0.00505,0.90283,0.00231,6.09955,0.03226,1.27657,0.00403
TIC 260411041,6952,0.40305,0.00019,80.31924,0.61907,0.12087,0.00198,0.6345,0.04421,1.00096,0.00573,0.75159,0.11469,136.46152,49.76486,-330.67643,20.18607,7.8696,5.46592,0.58597,0.24248,0.9994,2.80823,0.08118,1.55695,0.08915,0.18819,0.01078,1.73955,0.08868,0.71984,0.0367,6.60608,0.33812,1.06338,0.09836
TIC 261089147,7620,0.46171,9.00E-05,79.637,0.8681,0.23175,0.00775,0.38967,0.02544,0.95725,0.00808,0.82335,0.05469,63.90874,24.15953,-256.21971,128.1402,17.06806,4.81153,0.52931,0.28259,0.9991,3.1058,0.07579,1.58107,0.12059,0.36641,0.02795,1.71254,0.03574,0.9143,0.01908,8.56757,0.39104,2.10783,0.0591
TIC 261105201,6063,0.95612,0.00013,75.15636,1.07736,0.12797,0.00222,0.25776,0.05609,0.91616,0.00713,0.72815,0.03541,151.59858,44.27967,-52.30167,153.7791,18.38564,11.23147,0.56919,0.2311,0.9988,5.81248,0.08282,2.79468,0.09897,0.35764,0.01266,3.19175,0.05999,1.2959,0.02436,11.8148,0.1968,1.47718,0.05858
TIC 261981997,5726,0.89027,0.00026,77.09161,0.49684,0.10495,0.00303,0.73429,0.06881,1.03349,0.01044,0.88778,0.07693,155.885,16.92627,-115.35006,27.79018,24.04512,12.63767,0.59846,0.23577,0.9992,5.63267,0.103,2.68143,0.0717,0.28142,0.00752,3.51539,0.11731,1.38493,0.04622,13.98349,0.96259,1.97348,0.19715
TIC 265015162,5787,0.32776,0.0001,83.41518,1.20393,0.11839,0.00397,0.66877,0.07135,1.06995,0.01169,0.84272,0.06655,26.10692,7.28285,-203.78266,4.78154,23.9356,5.86316,0.58851,0.24232,0.9972,2.3466,0.02629,1.44133,0.02178,0.17064,0.00258,1.38696,0.0077,0.57108,0.00317,1.9004,0.01837,0.4234,0.00251
TIC 266769521,6102,0.53662,0.00033,88.01155,2.845,0.32217,0.01998,0.15443,0.10885,0.92961,0.03733,0.75565,0.09259,40.74739,50.82555,-348.87705,108.92677,28.1953,3.13244,0.49026,0.29546,0.994,3.50574,0.04673,1.4707,0.04128,0.47382,0.0133,1.69035,0.03461,1.01871,0.02086,3.52686,0.06884,0.97048,0.02211
TIC 266769522,7065,0.53658,0.0004,85.34241,2.18492,0.31075,0.01235,0.08723,0.18133,0.90366,0.00532,0.7903,0.03375,157.1406,3.18514,-353.92687,1.05116,48.53009,1.26616,0.48953,0.28834,0.9813,3.48428,0.04934,1.58378,0.04993,0.49216,0.01552,1.67731,0.01771,0.98796,0.01043,5.89558,0.13235,1.44884,0.01714
TIC 267043786,6720,0.59471,0.00012,82.45141,0.09528,0.30408,0.0007,0.21319,0.00582,0.96725,0.00251,0.82009,0.03132,101.39686,6.54794,-180.86058,0.35648,17.24628,1.81594,0.49843,0.29446,0.9981,3.8643,0.07025,1.55369,0.11208,0.47245,0.03408,1.95303,0.016,1.1538,0.00945,6.85843,0.08868,2.15515,0.02921
TIC 268686130,7836,0.46645,0.00025,82.68485,0.56843,0.17469,0.00163,0.2462,0.02451,0.96644,0.00809,0.76214,0.11673,77.29097,51.65562,-159.22632,21.70284,7.16655,3.318,0.54473,0.25293,0.9794,3.10162,0.0284,1.64069,0.0263,0.28661,0.00459,1.71124,0.01603,0.79457,0.00744,9.21591,0.18554,1.8801,0.03092
TIC 271495349,6688,0.55112,0.00014,86.64298,0.40936,0.43004,0.00237,0.37482,0.01113,1.00128,0.00133,0.88281,0.12022,86.86002,70.39545,-264.18756,104.59661,4.24612,4.5087,0.48101,0.33582,0.9999,3.58194,0.10471,1.32384,0.13568,0.56931,0.05835,1.83264,0.01158,1.27947,0.00809,5.91941,0.04106,2.90462,0.02928
TIC 274676647,6338,0.35437,7.00E-05,86.02837,0.51979,0.30347,0.00208,0.2279,0.01335,1.02206,0.00192,0.90986,0.06009,140.64761,17.79532,-72.1542,8.70084,19.51187,8.98283,0.49942,0.29522,0.9997,2.49327,0.06914,1.63411,0.202,0.4959,0.0613,1.17646,0.02196,0.69543,0.01298,1.91208,0.07376,0.76463,0.02215
TIC 274967957,5774,0.40094,0.00019,84.89982,0.55504,0.26139,0.00367,0.12266,0.01998,0.97089,0.00473,0.64334,0.05835,46.18286,9.76921,-300.97471,3.32687,17.58745,1.95083,0.50621,0.27697,0.9981,2.72969,0.09578,1.47684,0.05333,0.38603,0.01394,1.27498,0.04652,0.6976,0.02545,1.66475,0.04346,0.36328,0.03385
TIC 279156705,6923,0.72269,0.00083,82.04547,1.06809,0.1552,0.0044,0.70494,0.08654,0.99703,0.01272,0.84011,0.05323,38.16463,67.37283,-252.50007,21.24078,20.75802,7.90872,0.57198,0.26584,0.9931,4.56271,0.06952,2.02064,0.06831,0.3136,0.0106,2.65451,0.02499,1.23374,0.01161,14.06143,0.14927,2.88694,0.02966
TIC 279224984,6011,1.06468,0.00017,82.47246,1.01603,0.1591,0.00543,0.18634,0.04106,0.95484,0.01127,0.72962,0.07779,55.59578,12.82494,-3.23586,3.43506,15.02166,2.15567,0.54975,0.24334,0.9979,6.47319,0.16545,2.81343,0.15865,0.44762,0.02524,3.54711,0.03251,1.57008,0.01439,13.95673,0.32951,2.34621,0.02884
TIC 199612934,7092,0.60141,0.00014,81.50139,0.95048,0.09073,0.00219,0.37772,0.06274,0.9605,0.01195,0.79646,0.1139,141.98315,30.90633,-355.89756,18.12306,12.37933,11.80565,0.59785,0.21231,0.9989,3.89748,0.04474,1.9963,0.01714,0.18112,0.00156,2.34099,0.01457,0.83134,0.00517,12.16766,0.18082,1.28509,0.01487
TIC 204325855,6524,0.48451,8.00E-05,77.23347,0.10422,0.24546,0.00141,0.04883,0.00613,0.99726,0.00093,0.73121,0.11121,1.15646,3.00468,-130.83154,75.88632,2.441,4.64603,0.50791,0.26803,0.9993,3.25625,0.0324,1.40656,0.04644,0.34525,0.0114,1.62809,0.01314,0.85916,0.00693,4.27766,0.02768,1.19369,0.02243
TIC 211412634,6496,0.75302,0.00019,79.80048,2.03869,0.17463,0.00729,0.19077,0.11073,0.94921,0.01225,0.86289,0.12168,100.08995,70.73756,-125.50342,116.4074,7.21067,6.85049,0.54251,0.25025,0.9958,4.71041,0.07582,2.12075,0.06849,0.37035,0.01196,2.52357,0.02341,1.16408,0.0108,9.43714,0.18716,1.77209,0.02422
TIC 219738202,6904,0.57879,0.0001,79.61798,2.80256,0.26537,0.02405,0.5387,0.15804,0.97186,0.0499,0.81243,0.12173,53.98545,42.60045,-172.77382,19.72091,21.05143,9.07036,0.52717,0.30323,0.9908,3.80278,0.02981,1.66545,0.05326,0.44196,0.01413,1.97222,0.01886,1.13443,0.01085,7.43059,0.29205,2.1709,0.03487
TIC 233233639,7213,0.44051,0.0001,80.84404,0.90927,0.10707,0.00177,0.17726,0.04191,0.91776,0.00784,0.80691,0.05006,164.83848,4.70788,-336.61059,3.39839,43.03443,5.79451,0.58014,0.21604,0.9977,3.03486,0.06188,1.70104,0.06139,0.18213,0.00657,1.72897,0.03039,0.64385,0.01132,7.02406,0.17053,0.68488,0.00517
TIC 233636431,6896,0.42726,9.00E-05,83.45809,0.30997,0.24372,0.00185,0.24887,0.0148,0.99724,0.00297,0.7671,0.09041,165.68663,62.43732,-301.03891,20.15331,21.01855,15.7694,0.51834,0.2787,0.9989,2.93357,0.05968,1.38898,0.10284,0.33852,0.02506,1.52748,0.00669,0.82129,0.0036,4.75824,0.02698,1.30773,0.0087
TIC 237130278,7080,0.41314,7.00E-05,76.49042,0.23408,0.14451,0.00111,0.51165,0.02127,0.99726,0.00365,0.8489,0.1318,151.98695,21.96489,-338.48824,41.93553,7.1377,5.93437,0.5693,0.25089,0.9952,2.82289,0.07864,1.54417,0.02359,0.22315,0.00341,1.65492,0.03051,0.72932,0.01345,5.87126,0.06968,1.07595,0.05588
TIC 240911239,5760,0.41255,9.00E-05,83.09199,0.46088,0.25227,0.00277,0.27285,0.01948,1.00614,0.00264,0.87479,0.1269,148.38086,28.24224,-275.66777,155.12516,9.54873,7.99119,0.51679,0.28284,0.9874,2.80892,0.07954,1.27483,0.07761,0.3216,0.01958,1.41697,0.0181,0.77551,0.00991,1.98982,0.06254,0.58845,0.00935
TIC 250114673,6200,0.32881,8.00E-05,72.26498,0.12937,0.0929,0.0006,0.49664,0.01808,1.00862,0.00162,0.79038,0.03571,132.9311,7.89576,-53.38821,2.88187,16.72963,3.44097,0.59948,0.21803,0.9991,2.39308,0.01831,1.51458,0.03468,0.1407,0.00322,1.44632,0.00519,0.52603,0.00189,2.74278,0.01475,0.37874,0.00183
TIC 250203533,5733,0.37458,0.00012,80.94147,0.1573,0.16683,0.00061,0.43832,0.00901,1.02768,0.00158,0.69428,0.07259,169.86387,2.24566,-172.97043,3.29085,26.10085,1.83911,0.55607,0.25865,0.9995,2.62371,0.03529,1.48307,0.05122,0.24742,0.00855,1.50239,0.01555,0.69882,0.00723,2.08856,0.02526,0.53584,0.00274
TIC 255682622,6103,0.32159,0.00018,77.94336,1.06783,0.0816,0.00315,0.67447,0.07542,1.07979,0.00612,0.93701,0.02964,106.36774,4.50672,-291.93802,2.44121,25.37954,6.5837,0.61279,0.2152,0.9931,2.32038,0.03982,1.46255,0.05809,0.11934,0.00474,1.44712,0.019,0.5082,0.00667,2.37914,0.11165,0.43487,0.00705
TIC 256797617,4934,0.25073,5.00E-05,88.72113,0.99722,0.30253,0.00806,0.32878,0.04623,1.03287,0.01096,0.6503,0.04927,10.74621,5.58816,-1.70613,1.81872,45.23594,5.60923,0.50543,0.30135,0.9939,1.89271,0.04677,0.9894,0.02383,0.29932,0.00721,0.95828,0.01464,0.57135,0.00873,0.46054,0.01485,0.19675,0.00506
TIC 257525627,6563,0.45664,0.00011,79.307,0.35558,0.19651,0.00173,0.59895,0.01998,1.00738,0.00293,0.83884,0.13454,27.31805,32.04803,-38.59579,152.79172,4.75551,4.68922,0.5514,0.28035,0.9878,3.0462,0.05278,1.52903,0.06073,0.30047,0.01193,1.66847,0.01605,0.8483,0.00816,4.49206,0.09241,1.29529,0.02113
TIC 14545690,5883,0.28008,5.00E-05,70.96418,0.48451,0.0801,0.00397,0.40666,0.05789,1.10578,0.014,0.82245,0.02761,77.78307,4.37905,-353.60104,0.87568,17.25068,1.4426,0.60719,0.20516,0.9858,2.07109,0.09657,1.01507,0.30137,0.08131,0.02414,1.23389,0.04334,0.41691,0.01464,1.79964,0.12668,0.24868,0.0082
TIC 146520491,6484,0.44865,0.00011,75.15694,0.14091,0.13501,0.00133,0.32988,0.01582,1.00108,0.00293,0.69119,0.07606,118.20773,12.44302,-317.66657,7.61877,7.59219,1.80962,0.56763,0.23787,0.9968,3.07517,0.08967,1.54033,0.11824,0.20796,0.01596,1.709,0.03371,0.71617,0.01413,4.87705,0.06865,0.78376,0.02102
TIC 151233402,6604,0.80832,0.00025,80.32004,0.19717,0.29642,0.00201,0.54311,0.01841,0.97298,0.00516,0.92011,0.03776,87.10945,14.83265,-177.50711,3.65434,20.6558,4.09496,0.51954,0.31359,0.9866,5.15343,0.07713,2.022,0.03472,0.59936,0.01029,2.76045,0.02572,1.66619,0.01552,12.7178,0.21834,4.19215,0.09016
TIC 156379866,6977,0.40684,0.00012,76.96742,0.40566,0.14267,0.00269,0.54342,0.03211,0.998,0.00416,0.93348,0.07365,7.98705,14.25301,-277.87955,90.17704,14.21212,14.57456,0.57139,0.25133,0.982,2.74074,0.07854,1.45201,0.0771,0.20716,0.011,1.63136,0.02587,0.71757,0.01138,5.25076,0.2258,1.07558,0.01685
TIC 157175641,6138,0.37018,0.00021,83.57512,0.08477,0.31864,0.00068,0.2181,0.00772,1.02745,0.00112,0.86236,0.02687,30.81107,15.25906,-177.83305,2.60731,18.37076,4.26996,0.49486,0.29862,0.9992,2.62991,0.0602,1.25704,0.1143,0.40054,0.03642,1.30019,0.03602,0.78459,0.02174,2.19226,0.08297,0.78403,0.03287
TIC 159102550,6974,0.48823,9.00E-05,78.5574,0.3335,0.2204,0.00278,0.14287,0.0174,0.95635,0.0074,0.8051,0.06607,72.64296,17.58978,-338.6344,9.09068,9.87154,1.1661,0.52147,0.26508,0.9996,3.28919,0.03608,1.77862,0.02546,0.39201,0.00561,1.72731,0.00464,0.87805,0.00236,6.23776,0.02407,1.34414,0.00633
TIC 164720673,6294,0.36611,0.0001,77.22363,1.19697,0.12071,0.00372,0.5648,0.11042,1.04586,0.00652,0.92754,0.04082,148.13214,80.2627,-290.35977,96.72841,29.07891,9.80184,0.58371,0.23946,0.9891,2.6078,0.0347,1.66603,0.07426,0.20111,0.00896,1.49757,0.00944,0.61436,0.00387,3.1276,0.02392,0.62411,0.00382
TIC 170676440,6907,0.63441,0.00012,85.53269,3.36881,0.22929,0.00773,0.28859,0.19957,0.86965,0.03839,0.79635,0.10765,61.13107,21.33448,-311.26632,60.82149,23.57634,11.97237,0.52517,0.27606,0.9981,4.13886,0.04801,1.86984,0.036,0.42873,0.00825,2.09442,0.03167,1.10095,0.01665,8.33763,0.28059,1.48172,0.06703
TIC 17563811,6277,0.36101,0.00018,82.22389,0.90444,0.09941,0.00185,0.63754,0.0551,1.03672,0.00889,0.81423,0.11651,29.02228,67.7615,-112.94729,112.06976,12.44088,8.8693,0.59902,0.22795,0.988,2.4943,0.04936,1.47158,0.03552,0.14629,0.00353,1.48733,0.02196,0.56598,0.00836,3.04496,0.05452,0.49627,0.01398
TIC 177258700,7146,0.68813,0.00013,82.49063,0.2722,0.25335,0.00122,0.4698,0.01832,0.96162,0.00338,0.89151,0.03092,151.05518,23.24059,-202.52414,4.03355,33.35093,11.44295,0.52677,0.29486,0.9882,4.42833,0.09026,2.27208,0.28324,0.57563,0.07176,2.37983,0.03777,1.33211,0.02114,12.17189,0.13834,3.43348,0.05034
TIC 193819456,5938,0.35009,8.00E-05,76.61423,0.3124,0.14731,0.00178,0.41878,0.02609,1.01257,0.00277,0.82806,0.09687,133.85416,17.82046,-316.669,6.81008,15.86944,5.36873,0.56442,0.24817,0.9874,2.4427,0.03854,1.50616,0.07778,0.22187,0.01146,1.43046,0.0239,0.62896,0.01051,2.4826,0.07103,0.47715,0.01872
TIC 193823999,6591,0.36979,0.00012,85.60922,1.04073,0.22347,0.00194,0.275,0.02199,1.02322,0.0028,0.7079,0.09625,116.17539,21.96123,-88.65684,6.10533,9.73304,2.58468,0.52655,0.27327,0.9976,2.66928,0.03271,1.59223,0.03554,0.35582,0.00794,1.35653,0.01379,0.70402,0.00716,2.9936,0.08,0.86124,0.00811
TIC 458490358,6529,0.38081,0.00015,79.20255,0.37109,0.17814,0.00249,0.49519,0.02712,1.0198,0.0071,0.8898,0.06671,160.96261,18.23766,-322.55583,9.06303,42.50257,5.80883,0.55369,0.26668,0.9938,2.65724,0.07761,1.33892,0.09284,0.23851,0.01654,1.3888,0.01929,0.6689,0.00929,3.1049,0.08248,0.79291,0.01273
TIC 47751440,6692,0.79804,0.00012,84.07804,3.90747,0.11197,0.0073,0.20144,0.13484,0.85655,0.01966,0.86066,0.04818,29.21663,40.28569,-342.48033,171.08036,32.46187,2.17658,0.57749,0.21986,0.9948,4.93001,0.04958,2.15286,0.04276,0.24106,0.00479,2.80322,0.02074,1.06723,0.0079,13.55865,0.33849,1.06307,0.01426
TIC 49214115,6904,0.9009,0.00016,79.81636,0.4481,0.16355,0.00225,0.65875,0.03698,1.00471,0.00316,0.92629,0.05307,50.53351,35.51989,-281.10193,9.77994,15.84072,5.44846,0.56658,0.26791,0.9891,5.59027,0.05458,2.33983,0.08721,0.38268,0.01426,3.17215,0.02806,1.49997,0.01327,19.74157,0.24345,4.58553,0.03692
TIC 53603189,6415,0.41863,0.00028,83.31626,0.30133,0.14225,0.0008,0.66363,0.01304,1.02886,0.00174,0.60815,0.08169,87.20506,7.83192,-75.4407,2.95075,5.66681,1.07469,0.57614,0.25664,0.9988,2.78715,0.08392,1.5727,0.0844,0.22372,0.01201,1.56915,0.02588,0.69897,0.01153,3.14347,0.16776,0.82521,0.02151
TIC 55007847,7596,0.61176,0.00069,77.12542,0.46452,0.0856,0.00111,0.4426,0.0414,0.94422,0.00621,0.78815,0.06589,13.9302,4.79542,-208.03063,4.27657,17.95087,4.49041,0.60359,0.21066,0.9987,3.92378,0.085,2.17942,0.08563,0.18656,0.00733,2.43177,0.03687,0.84872,0.01287,17.04193,0.3646,1.6585,0.00991
TIC 55753802,6610,0.41547,0.00024,78.9768,0.45521,0.19773,0.00437,0.50955,0.04193,1.00588,0.00741,0.95793,0.05356,126.86213,64.12458,-322.84073,7.929,32.44164,5.42984,0.54681,0.27602,0.9997,2.82264,0.07924,1.34913,0.14304,0.26676,0.02828,1.52615,0.03688,0.77037,0.01862,3.65011,0.3,0.92269,0.07773
TIC 56001210,6177,0.37885,8.00E-05,85.25913,0.7933,0.22693,0.00238,0.27061,0.02204,1.02628,0.00276,0.92753,0.05839,18.81948,15.28194,-265.67383,13.04373,22.98912,9.53937,0.52512,0.27424,0.9995,2.64016,0.03549,1.38709,0.07467,0.31477,0.01695,1.35509,0.02187,0.70769,0.01142,2.2224,0.11095,0.71301,0.01819
TIC 5674169,5874,0.31813,0.00011,84.75729,0.77147,0.19868,0.00272,0.47317,0.03089,1.02956,0.00296,0.78431,0.09746,123.67787,23.84774,-63.66483,6.86235,13.41016,5.57115,0.54479,0.27446,0.9819,2.32996,0.06412,1.87513,0.23535,0.37255,0.04676,1.20018,0.02103,0.60464,0.01059,1.49305,0.023,0.47099,0.014
TIC 57297550,7038,0.38217,0.00022,81.82466,11.44067,0.06889,0.11371,0.93087,0.22719,1.02327,0.08569,0.86055,0.0494,130.13612,33.27565,-179.86061,2.90911,19.59396,2.64229,0.62941,0.21196,0.9969,2.69706,0.08653,1.5739,0.09819,0.10843,0.00676,1.55923,0.08608,0.52508,0.02899,6.96259,1.46909,0.77787,0.02887
TIC 627436,7664,0.57877,0.00012,83.87242,0.52108,0.25008,0.00202,0.56343,0.02569,0.976,0.00593,0.86244,0.06585,39.58124,16.53754,-220.67241,7.41393,17.51126,4.76287,0.53274,0.29945,0.9988,3.76799,0.08957,1.77501,0.08472,0.4439,0.02119,2.05932,0.04454,1.15753,0.02503,12.82176,0.46822,3.68605,0.15846
TIC 63307143,7148,0.64526,0.00017,78.18467,0.22954,0.15366,0.00091,0.27786,0.0161,0.97069,0.00329,0.84675,0.05312,19.61891,5.67159,-140.31847,2.61864,19.80909,3.92816,0.55594,0.24496,0.9822,4.114,0.06867,2.0465,0.01729,0.31446,0.00266,2.20245,0.0503,0.97045,0.02216,11.33991,0.23893,2.07054,0.05591
TIC 63597006,6613,0.70076,0.00079,77.55781,0.14215,0.14155,0.00058,0.14487,0.00867,0.96652,0.00151,0.95352,0.02148,89.42499,17.81428,-117.18856,3.62144,11.55927,3.42121,0.5575,0.23335,0.9981,4.52263,0.12466,2.14337,0.10248,0.30339,0.01451,2.47465,0.07424,1.0358,0.03107,9.38837,0.64655,1.49112,0.05798
TIC 66473439,6694,0.48656,0.00012,75.10925,0.13301,0.0913,0.00183,0.18392,0.02879,0.93002,0.00682,0.79496,0.07251,74.04812,6.50814,-321.33627,4.76494,9.87003,1.41541,0.59219,0.20615,0.9893,3.21435,0.05537,1.71094,0.05456,0.15621,0.00498,1.89418,0.04449,0.65939,0.01549,6.13245,0.23762,0.58297,0.02602
TIC 671564,5607,0.38573,0.00018,81.63704,0.44327,0.16031,0.0025,0.66816,0.03098,1.0548,0.00641,0.85951,0.05997,164.8467,5.92571,-98.89298,90.24178,39.33092,17.51388,0.56832,0.26671,0.9949,2.72899,0.0196,1.56441,0.01953,0.25079,0.00313,1.5551,0.01107,0.7298,0.0052,2.11874,0.00935,0.56104,0.00934
TIC 69838619,6984,0.38346,7.00E-05,82.72547,1.64592,0.10592,0.00415,0.80218,0.09723,1.00949,0.00863,0.91496,0.09686,24.90822,79.06721,-171.14681,83.03775,16.36617,15.7841,0.60001,0.23926,0.998,2.68121,0.04545,1.55983,0.0642,0.16522,0.0068,1.56058,0.03676,0.6223,0.01466,5.30414,0.08075,0.84454,0.0381
TIC 76305215,6469,0.40159,0.00013,85.11644,0.36903,0.26514,0.00311,0.14348,0.00955,0.98859,0.00375,0.73259,0.09804,177.51619,4.00674,-54.42125,111.3321,20.19852,9.59902,0.50607,0.27928,0.9874,2.74025,0.0759,1.69866,0.20806,0.45038,0.05516,1.33643,0.02436,0.73752,0.01345,2.87859,0.05738,0.76532,0.02525
TIC 77178193,6787,0.82929,0.00014,78.77008,10.30108,0.07488,0.07646,0.47487,0.08779,1.00003,0.05263,0.73302,0.08726,28.12939,16.3114,-353.50117,36.45857,9.18316,5.92155,0.61337,0.20298,0.9957,5.22127,0.04119,2.53125,0.01085,0.18954,0.00081,3.24191,0.03448,1.07283,0.01141,19.39277,0.48082,2.33127,0.04921
TIC 87751538,7165,0.9148,0.00016,73.48361,0.60668,0.10582,0.00209,0.53322,0.02471,0.95588,0.01558,0.76695,0.0576,158.04042,42.48153,-265.97914,4.20885,36.39769,10.31151,0.59169,0.22852,0.9782,5.57432,0.08228,2.55962,0.10031,0.27086,0.01061,3.27767,0.03588,1.26589,0.01386,25.12817,0.67338,2.93083,0.08367
TIC 89428764,6541,0.3765,0.0001,76.43918,0.25727,0.13559,0.0014,0.31849,0.02235,0.99479,0.00219,0.82108,0.12276,161.9674,17.23556,-22.45862,102.11301,6.96758,7.2108,0.56692,0.23769,0.9994,2.61581,0.04401,1.59411,0.05581,0.21615,0.00757,1.55591,0.04071,0.65234,0.01707,3.73973,0.15545,0.64827,0.0167
TIC 8989778,8165,0.61243,0.00037,75.15853,2.10505,0.17818,0.02954,0.38609,0.03159,0.95786,0.00679,0.89923,0.06699,128.33556,35.23031,-245.38486,111.87959,25.37719,5.06485,0.54902,0.26124,0.988,4.0307,0.04933,2.08488,0.06251,0.37148,0.01114,2.21488,0.00937,1.05391,0.00446,19.48173,0.08832,3.70691,0.02345
TIC 93053299,5954,0.41125,0.0001,76.7059,0.49377,0.12639,0.00219,0.52455,0.0421,1.01952,0.00308,0.81654,0.13793,101.73177,59.78654,-81.7312,60.91189,5.2027,4.20154,0.57917,0.24123,0.997,2.77546,0.10679,1.48132,0.14247,0.18722,0.01801,1.58429,0.02161,0.65987,0.009,2.85942,0.07362,0.539,0.00748
TIC 97328396,5935,0.4852,0.00012,86.34404,0.46941,0.29085,0.00184,0.50235,0.01021,1.01575,0.00183,0.8383,0.06084,42.04931,17.82908,-298.16003,6.99628,12.03159,3.16058,0.51849,0.30915,0.9932,3.20998,0.08532,1.60436,0.07497,0.46663,0.02181,1.58482,0.02002,0.94495,0.01194,2.69585,0.10282,1.11062,0.01649
